Area,English source,French,Arabic,Portuguese,Spanish,Kiswahili,Review status
Question,Tool / System Name,Nom de l'outil / du système,اسم الأداة / النظام,Nome da Ferramenta / Sistema,Nombre de la herramienta / Sistema,Zana /Jina la Mfumo,Draft — review required
Question,Unit Responsible,Responsable du système,الوحدة المسؤولة,Unidade Responsável,Entidad responsable,Kitengo kinawajibika,Draft — review required
Question,Type of System,Type de système,نوع النظام,Tipo de Sistema,Tipo de sistema,Aina ya Mfumo,Draft — review required
Question,Surveillance Functions,Fonctions de surveillance,وظائف Surveillance,Surveillance Funções,Funciones de surveillance,Kazi za Surveillance,Draft — review required
Question,Geographical Coverage,Couverture géographique,الغطاء الجغرافي,Cobertura Geográfica,Cobertura Geográfica,Ufikiaji wa kijiografia,Draft — review required
Question,Point of Data Entry,Point d'entrée des données,نقطة إدخال البيانات,Ponto de Entrada dos Dados,Punto de Entrada de los Datos,Eneo la Kuingia Data,Draft — review required
Question,Data Captured,Données recueillies,البيانات المُجمعة,Dados Capturados,Datos Recogidos,Takwimu Zilizonaswa,Draft — review required
Question,Information Users,Utilisateurs des informations,المستخدمون للبيانات,Informações dos Usuários,Información para los Usuarios,Watumiaji wa Taarifa,Draft — review required
Question,Technology,Technologie,التكنولوجيا, Tecnologia ,Tecnología,Teknolojia,Draft — review required
Question,Has API,A API,يحتوي API,Tem API ,Tiene API,Ina API,Draft — review required
Question,Linked to other systems,Lié à d'autres systèmes,مُرتبط بأنظمة أخرى,Ligado a outros sistemas,Enlazado a otros sistemas,Imeunganishwa na mifumo mingine,Draft — review required
Question,Comments,Commentaires,ملاحظات,Comentários,Comentarios,Maoni,Draft — review required
Question,General Information,Informations générales,معلومات عامة,Informações Gerais,Información general,Taarifa ya Jumla,Draft — review required
Question,System being assessed (matched to the Inventory name),Système évalué (correspondant au nom dans l'inventaire),النظام المُقيَّم (مُطابق للإسم في الملف),Sistema sendo avaliado (alinhado ao nome do Inventário),Sistema evaluado (alineado con el nombre en el inventario),Mfumo unatathminiwa (ulilinganishwa na jina la Orodha),Draft — review required
Question,What underlying platform is used to develop the system,Quelle plateforme sous-jacente est utilisée pour développer le système,ما هو النظام الأساسي الذي يُستخدم لتطوير النظام؟,Qual plataforma subjacente é utilizada para desenvolver o sistema,¿Cuál es la plataforma subyacente utilizada para desarrollar el sistema?,Ni jukwaa gani la msingi linalotumika kukuza mfumo,Draft — review required
Question,What is the current implementation status of the system?,Quel est l'état actuel de mise en œuvre du système ?,ما هو حالة تنفيذ النظام الحالية؟,Qual é o status atual de implementação do sistema?,¿Cuál es el estado actual de implementación del sistema?,Hali ya sasa ya utekelezaji wa mfumo ikoje?,Draft — review required
Question,In what year was the system first implemented?,En quelle année le système a-t-il été mis en œuvre ?,في أي سنة تم تطبيق النظام لأول مرة؟,Em que ano o sistema foi primeiramente implementado?,En qué año se implementó por primera vez el sistema?,Mfumo huo ulitekelezwa kwa mara ya kwanza mwaka gani?,Draft — review required
Question,Public Health Scope,Portée en santé publique,مجال الصحة العامة,Alcance da Saúde Pública,Alcance de Salud Pública,Upeo wa Afya ya Umma,Draft — review required
Question,Which surveillance approaches does the system support?,Quelles approches de surveillance le système prend-il en charge ?,ما الطرق surveillance التي يدعمها النظام؟,Quais abordagens surveillance são suportadas pelo sistema?,¿Qué enfoques surveillance soporta el sistema?,"Je, mfumo unasaidia mbinu gani za surveillance?",Draft — review required
Question,Diseases,Maladies,الأمراض,Doenças,Enfermedades,MAGONJWA,Draft — review required
Question,"Which diseases, hazards, or public health events are supported by the system?","Quelles maladies, dangers ou événements de santé publique sont pris en charge par le système ?",أي أمراض أو مخاطر أو أحداث صحية عامة تُدعم من قبل النظام؟,"Quais doenças, riscos ou eventos de saúde pública são suportados pelo sistema?","¿Cuáles son las enfermedades, peligros o eventos de salud pública que son respaldados por el sistema?","Ni magonjwa gani, hatari, au matukio ya afya ya umma yanayoungwa mkono na mfumo?",Draft — review required
Question,Does the system capture signals or rumours of potential public health events?,Le système recueille-t-il des signal ou des rumeurs sur des événements potentiels de santé publique ?,هل يُسجل النظام signals أو أخبار مُحتملة عن أحداث صحية عامة؟,O sistema captura sinais ou rumores de eventos potenciais de saúde pública?,¿El sistema captura señales o rumores de posibles eventos de salud pública?,"Je, mfumo huo unachukua ishara au uvumi wa matukio yanayowezekana ya afya ya umma?",Draft — review required
Question,Does the system capture the verification status and outcome of reported signals or rumours?,Le système recueille-t-il l'état de vérification et le résultat des signal ou des rumeurs rapportées ?,هل يُسجل النظام حالة التحقق والنتيجة من التقارير حول signals أو الأخبار؟,O sistema captura o status de verificação e o resultado de sinais ou rumores relatados?,¿El sistema captura el estado de verificación y el resultado de las señales o rumores reportados?,"Je, mfumo unachukua hali ya uthibitishaji na matokeo ya ishara au uvumi ulioripotiwa?",Draft — review required
Question,"Does the system capture alert risk assessment, classification, and prioritisation?","Le système recueille-t-il l'évaluation, la classification et la priorisation des risques alert ?",هل يُسجل النظام تقييم المخاطر وتصنيفها وتحديد أولوياتها لـ alert؟,"O sistema captura a avaliação de risco, classificação e priorização de alertas?","¿El sistema captura la evaluación de riesgo, clasificación y priorización de alertas?","Je, mfumo unachukua tathmini ya hatari ya tahadhari, uainishaji, na kipaumbele?",Draft — review required
Question,Functional Capabilities,Fonctionnalités,القدرات الوظيفية,Capacidades Funcionais,Capacidades funcionales,Uwezo wa Kazi,Draft — review required
Question,Does the system capture suspected case notifications and basic case profiles?,Le système capture-t-il les cas suspects case notification et les profils de cas de base ?,هل يُسجّل النظام الحالات المشبوهة case notification وملف الحالة الأساسي؟,O sistema captura suspeitas de case notification e perfis básicos de caso?,¿El sistema captura sospechas de case notification y perfiles básicos de caso?,"Je, mfumo unachukua case notification zinazoshukiwa na wasifu wa msingi wa kesi?",Draft — review required
Question,Does the system generate or store a unique identifier that can be used to link records across systems?,Le système génère-t-il ou stocke-t-il un identifiant unique pouvant être utilisé pour relier des enregistrements entre systèmes ?,هل يُولِد أو يُخزن هوية مميزة يمكن استخدامها لربط السجلات بين الأنظمة؟,O sistema gera ou armazena um identificador único que pode ser usado para vincular registros entre sistemas?,¿El sistema genera o almacena un identificador único que puede usarse para vincular registros entre sistemas?,"Je, mfumo unazalisha au kuhifadhi kitambulisho cha kipekee ambacho kinaweza kutumika kuunganisha rekodi kwenye mifumo yote?",Draft — review required
Question,Does the system capture case investigation details and outcomes?,Le système capture-t-il les détails et les résultats des cas case investigation ?,هل يُسجّل النظام تفاصيل ونتائج case investigation؟,O sistema captura detalhes e resultados de case investigation?,¿El sistema captura detalles y resultados de case investigation?,"Je, mfumo unachukua maelezo na matokeo ya case investigation?",Draft — review required
Question,Does the system capture specimen details and laboratory test requests?,Le système capture-t-il les détails des échantillons et les demandes de tests laboratoires ?,هل يُسجل النظام تفاصيل العينات وطلبات الاختبارات في المختبر؟,O sistema captura detalhes dos amostras e solicitações de exames laboratoriais?,¿El sistema captura detalles de muestras y solicitudes de pruebas en el laboratorio?,"Je, mfumo unachukua maelezo ya sampuli na maombi ya vipimo vya maabara?",Draft — review required
Question,"Does the system support specimen tracking from collection to receipt, testing, and disposal?","Le système permet-il de suivre les échantillons depuis leur collecte jusqu'à leur réception, à leurs tests et à leur élimination ?",هل يدعم النظام تتبع العينات من جمعها إلى استلامها، والاختبار، وانهاءها؟,"O sistema suporta o rastreamento das amostras desde a coleta até a recepção, os exames e o descarte?","¿El sistema permite el seguimiento de muestras desde su recolección hasta su recepción, prueba y eliminación?","Je, mfumo unasaidia ufuatiliaji wa sampuli kutoka kwa ukusanyaji hadi kupokea, kupima, na utupaji?",Draft — review required
Question,Does the system capture laboratory test details and results?,Le système capture-t-il les détails et les résultats des tests laboratoires ?,هل يُسجل النظام تفاصيل الاختبارات والنتائج في المختبر؟,O sistema captura os detalhes e os resultados dos exames laboratoriais?,¿El sistema captura detalles y resultados de pruebas en el laboratorio?,"Je, mfumo unachukua maelezo na matokeo ya majaribio ya maabara?",Draft — review required
Question,How are laboratory results received by the surveillance system?,Comment les résultats des laboratoires sont-ils reçus par le système surveillance ?,كيف تُستلم نتائج المختبر في نظام surveillance؟,Como os resultados laboratoriais são recebidos pelo sistema surveillance?,¿Cómo llegan los resultados del laboratorio al sistema surveillance?,Matokeo ya maabara yanapokelewaje na mfumo wa surveillance?,Draft — review required
Question,Does the system support contact identification and contact listing?,Le système prend-il en charge l'identification et la liste des contacts ?,هل يدعم النظام تحديد الاتصالات وعرض قائمة الاتصالات؟,O sistema suporta a identificação e listagem de contatos?,¿El sistema soporta la identificación y el listado de contactos?,"Je, mfumo unasaidia utambulisho wa mawasiliano na tangazo la mawasiliano?",Draft — review required
Question,"Does the system support contact follow-up, including daily monitoring and outcomes?","Le système prend-il en charge le suivi des contacts, y compris le suivi quotidien et les résultats ?",هل يدعم النظام متابعة الاتصالات، بما في ذلك المراقبة اليومية والنتائج؟,"O sistema suporta o acompanhamento de contatos, incluindo monitoramento diário e resultados?","¿El sistema soporta el seguimiento de contactos, incluyendo el monitoreo diario y los resultados?","Je, mfumo unasaidia ufuatiliaji wa mawasiliano, ikiwa ni pamoja na ufuatiliaji wa kila siku na matokeo?",Draft — review required
Question,Does the system generate configurable dashboards for surveillance and response monitoring?,Le système génère-t-il des tableaux de bord configurables pour surveillance et le suivi des réponses ?,هل يُنتج النظام مخططات قابلة للتخصيص لـ surveillance ورصد الاستجابة؟,O sistema gera painéis configuráveis para surveillance e monitoramento de resposta?,¿El sistema genera dashboards configurables para surveillance y el monitoreo de la respuesta?,"Je, mfumo unazalisha dashibodi zinazoweza kusanidiwa za surveillance na ufuatiliaji wa majibu?",Draft — review required
Question,Does the system support geographic information system (GIS) mapping?,Le système prend-il en charge la cartographie par système d'information géographique (GIS) ?,هل يدعم النظام رسم الخرائط باستخدام نظام المعلومات الجغرافية (GIS)؟,O sistema suporta mapeamento por sistema de informação geográfica (GIS)?,¿El sistema soporta el mapeo mediante sistema de información geográfica (GIS)?,"Je, mfumo unasaidia ramani ya mfumo wa taarifa za kijiografia (GIS)?",Draft — review required
Question,Does the system generate epidemic curves?,Le système génère-t-il des courbes épidémiologiques ?,هل يُنتج النظام منحنيات انتشارية؟,O sistema gera curvas epidêmicas?,¿El sistema genera curvas epidémicas?,"Je, mfumo huu unazalisha mikondo ya mlipuko?",Draft — review required
Question,Does the system support analysis of trends over time?,Le système prend-il en charge l'analyse des tendances au fil du temps ?,هل يدعم النظام تحليلات الاتجاهات عبر الزمن؟,O sistema suporta a análise de tendências ao longo do tempo?,¿El sistema permite el análisis de tendencias a lo largo del tiempo?,"Je, mfumo unasaidia uchanganuzi wa mienendo baada ya muda?",Draft — review required
Question,"Does the system support hotspot, cluster, or spatial concentration analysis?","Le système prend-il en charge l'analyse des points chauds, des groupes ou des concentrations spatiales ?",هل يدعم النظام تحليلات المناطق المُركّزة، أو المجموعات، أو التجمعات المكانية؟,"O sistema suporta análise de hotspots, clusters ou concentração espacial?","¿El sistema permite el análisis de zonas de alto riesgo, clusters o concentración espacial?","Je, mfumo unasaidia eneo la joto, kundi, au uchambuzi wa mkusanyiko wa nafasi?",Draft — review required
Question,Does the system provide dashboards for monitoring contact follow-up and outcomes?,Le système fournit-il des tableaux de bord pour le suivi des contacts et des résultats ?,هل يوفر النظام لوحة تحكم لرصد متابعة الاتصالات والنتائج؟,O sistema fornece painéis para monitoramento do acompanhamento de contatos e dos resultados?,¿El sistema proporciona dashboards para monitorear el seguimiento de contactos y sus resultados?,"Je, mfumo hutoa dashibodi za kufuatilia ufuatiliaji wa waliotagusana na matokeo?",Draft — review required
Question,"Does the system provide dashboards for laboratory testing, results, and turnaround times?","Le système fournit-il des tableaux de bord pour les analyses de laboratoire, les résultats et les délais de traitement ?",هل يوفر النظام لوحة تحكم لاختبارات المختبر، ونتائج الاختبارات، وفترة التسليم؟,"O sistema fornece painéis para testes laboratoriais, resultados e tempos de retorno?","¿El sistema proporciona dashboards para pruebas laboratoriales, resultados y tiempos de respuesta?","Je, mfumo huu unatoa dashibodi za upimaji wa maabara, matokeo, na nyakati za mzunguko?",Draft — review required
Question,Does the system provide dashboards for mortality surveillance and death outcomes?,Le système fournit-il des tableaux de bord pour les taux de mortalité surveillance et les résultats de décès ?,هل يوفر النظام مخططات تفاعلية لنتائج الوفاة surveillance ونتائج الوفاة؟,O sistema fornece painéis para mortalidade surveillance e resultados de óbitos?,¿El sistema proporciona dashboards para mortalidad surveillance y resultados de muerte?,"Je, mfumo huu unatoa dashibodi za surveillance na matokeo ya kifo?",Draft — review required
Question,Do authorised users create or configure custom analyses and visualisations?,Les utilisateurs autorisés créent-ils ou configurent-ils des analyses et visualisations personnalisées ?,هل تُنشئ أو تُكوّن المستخدمون المُصَرّفون تحليلات مخصصة وتصاميم مرئية؟,Os usuários autorizados criam ou configuram análises e visualizações personalizadas?,¿Los usuarios autorizados crean o configuran análisis y visualizaciones personalizados?,"Je, watumiaji walioidhinishwa huunda au kusanidi uchambuzi mahususi na taswira?",Draft — review required
Question,Does the system generate automated alerts or notifications for defined events?,Le système génère-t-il des alertes automatiques alert ou des notifications pour des événements définis ?,هل تُولِّد النظام تنبيهات أو إشعارات تلقائية لحدث مُعرّف؟,O sistema gera alertas ou notificações automatizadas para eventos definidos?,¿El sistema genera alertas o notificaciones automatizadas para eventos definidos?,"Je, mfumo hutoa arifa za kiotomatiki au arifa kwa matukio yaliyobainishwa?",Draft — review required
Question,Does the system monitor surveillance thresholds and notify users when thresholds are exceeded?,Le système surveille-t-il les seuils surveillance et informe-t-il les utilisateurs lorsque ces seuils sont dépassés ?,هل يُراقب النظام حدود surveillance ويُبلغ المستخدمين عند تجاوز هذه الحدود؟,O sistema monitora os limites surveillance e notifica os usuários quando os limites são excedidos?,¿El sistema monitorea los umbrales surveillance y notifica a los usuarios cuando se superan los umbrales?,"Je, mfumo unafuatilia vizingiti vya surveillance na kuwajulisha watumiaji wakati vizingiti vimezidiwa?",Draft — review required
Question,"Does the system generate case, contact, specimen, or alert line lists?","Le système génère-t-il des listes de cas, de contacts, d'échantillons ou de alert ?",هل يُولِّد النظام قوائمًا تضم الحالات أو الاتصالات أو العينات أو الإشعارات؟,"O sistema gera listas de casos, contatos, amostras ou alertas?","¿El sistema genera listas de casos, contactos, muestras o alertas?","Je, mfumo huzalisha kasha, mawasiliano, sampuli, au orodha za laini za tahadhari?",Draft — review required
Question,Does the system generate situation reports for outbreak or emergency response?,Le système génère-t-il des rapports sur la situation pour outbreak ou la réponse aux urgences ?,هل يُنتج النظام تقارير حالة للرد على الأوبئة أو الطوارئ؟,O sistema gera relatórios de situação para resposta a surtos ou emergências?,¿El sistema genera informes de situación para la respuesta a brotes o emergencias?,"Je, mfumo unazalisha ripoti za hali kwa ajili ya mlipuko au mwitikio wa dharura?",Draft — review required
Question,Does the system generate weekly surveillance reports?,Le système génère-t-il des rapports hebdomadaires sur surveillance ?,هل يُنتج النظام تقارير أسبوعية surveillance؟,O sistema gera relatórios semanais surveillance?,¿El sistema genera informes semanales de surveillance?,"Je, mfumo hutoa ripoti za surveillance za kila wiki?",Draft — review required
Question,Does the system generate monthly surveillance reports?,Le système génère-t-il des rapports mensuels surveillance ?,هل يُنتج النظام تقارير شهرية surveillance؟,O sistema gera relatórios mensais surveillance?,¿El sistema genera informes mensuales surveillance?,"Je, mfumo unazalisha ripoti za surveillance za kila mwezi?",Draft — review required
Question,Can reports be generated and distributed automatically according to a defined schedule?,Les rapports peuvent-ils être générés et distribués automatiquement selon un calendrier défini ?,هل يمكن إعداد وتفعيل التقارير تلقائيًا وفقًا لجدول محدد؟,É possível gerar e distribuir relatórios automaticamente de acordo com um horário definido?,¿Es posible generar y distribuir informes automáticamente según un horario definido?,"Je, ripoti zinaweza kuzalishwa na kusambazwa kiotomatiki kulingana na ratiba iliyobainishwa?",Draft — review required
Question,Does the system generate surveillance bulletins or provide outputs required for bulletin production?,Le système génère-t-il des bulletins surveillance ou fournit-il des sorties nécessaires à la production de bulletins ?,هل يُنتج النظام إشعارات surveillance أو يُقدّم مخرجات مطلوبة لإعداد الإشعارات؟,O sistema gera boletins surveillance ou fornece saídas necessárias para a produção de boletins?,¿El sistema genera boletines surveillance o proporciona salidas necesarias para la producción de boletines?,"Je, mfumo unazalisha taarifa za surveillance au hutoa matokeo yanayohitajika kwa ajili ya uzalishaji wa taarifa?",Draft — review required
Question,Do users export data or reports to Microsoft Excel or another spreadsheet format?,Les utilisateurs exportent-ils des données ou des rapports au format Microsoft Excel ou à un autre format de feuille de calcul ?,هل يُصدر المستخدمون بيانات أو تقارير إلى برنامج مايكروسوفت إكسل أو تنسيق آخر للجدول؟,Os usuários exportam dados ou relatórios para Microsoft Excel ou outro formato de planilha?,¿Los usuarios exportan datos o informes a Microsoft Excel o a otro formato de hoja de cálculo?,"Je, watumiaji husafirisha data au ripoti kwa Microsoft Excel au muundo mwingine wa lahajedwali?",Draft — review required
Question,Do users export reports or visualisations to PDF?,Les utilisateurs exportent-ils des rapports ou des visualisations au format PDF ?,هل يُصدر المستخدمون تقارير أو مُظاهر مرئية إلى تنسيق PDF؟,Os usuários exportam relatórios ou visualizações para PDF?,¿Los usuarios exportan informes o visualizaciones a PDF?,"Je, watumiaji husafirisha ripoti au taswira kwenye PDF?",Draft — review required
Question,"Does the system support API-based access to data, analytics, or reports?","Le système permet-il l'accès API basé à des données, des analyses ou des rapports ?",هل يدعم النظام الوصول إلى البيانات أو التحليلات أو التقارير من خلال API؟,"O sistema suporta acesso baseado em API aos dados, análises ou relatórios?","¿El sistema soporta el acceso a datos, análisis o informes basado en API?","Je, mfumo unasaidia ufikiaji wa data, uchanganuzi au ripoti zinazotegemea API?",Draft — review required
Question,Users,Utilisateurs,المستخدمون,Usuários,Usuarios,Mtumiaji,Draft — review required
Question,Which groups are the primary users of the system?,Quels groupes constituent les principaux utilisateurs du système ?,أي المجموعات هي المستخدمون الأساسيون للنظام؟,Quais grupos são os principais usuários do sistema?,¿Cuáles son los grupos principales de usuarios del sistema?,Watumiaji wakuu wa mfumo ni vikundi gani?,Draft — review required
Question,Approximately how many active users currently use the system?,Combien d'utilisateurs actifs utilisent actuellement le système ?,كم عدد المستخدمين النشطين تقريبًا الذين يستخدمون النظام حاليًا؟,Aproximadamente quantos usuários ativos estão atualmente utilizando o sistema?,¿Aproximadamente cuántos usuarios activos utilizan actualmente el sistema?,Takriban watumiaji wangapi wanaotumia mfumo kwa sasa?,Draft — review required
Question,Coverage,Couverture,الغطاء,Cobertura,Cobertura,Wanaofikiwa,Draft — review required
Question,What is the current geographic or administrative coverage of the system?,Quelle est la couverture géographique ou administrative actuelle du système ?,ما هو التغطية الجغرافية أو الإدارية الحالية للنظام؟,Qual é a cobertura geográfica ou administrativa atual do sistema?,¿Cuál es la cobertura geográfica o administrativa actual del sistema?,"Je, ufikiaji wa sasa wa kijiografia au kiutawala wa mfumo ni upi?",Draft — review required
Question,In how many counties or equivalent administrative areas is the system implemented?,Dans combien de comtés ou d'aires administratives équivalentes le système est-il mis en œuvre ?,كم عدد المقاطعات أو المناطق الإدارية المكافئة التي يُطبّق فيها النظام؟,Em quantos condados ou áreas administrativas equivalentes o sistema está implementado?,¿En cuántos condados o áreas administrativas equivalentes se implementa el sistema?,"Je, mfumo unatekelezwa katika kaunti ngapi au maeneo sawa ya kiutawala?",Draft — review required
Question,In how many health facilities or service delivery points is the system implemented?,Dans combien d'établissements de santé ou de points de prestation de services le système est-il mis en œuvre ?,كم عدد المرافق الصحية أو نقاط توصيل الخدمات التي يُطبّق فيها النظام؟,Em quantas unidades de saúde ou pontos de entrega de serviços o sistema está implementado?,¿En cuántas instalaciones de salud o puntos de entrega de servicios se implementa el sistema?,"Je, mfumo unatekelezwa katika vituo vingapi vya afya au vituo vya utoaji wa huduma?",Draft — review required
Question,Technical Profile,Profil technique,الملف التقني,Perfil Técnico,Perfil técnico,Wasifu wa Kiufundi,Draft — review required
Question,Is the system accessible through a web browser?,Le système est-il accessible via un navigateur web ?,هل يمكن الوصول إلى النظام من خلال متصفح ويب؟,O sistema é acessível por meio de um navegador web?,¿El sistema es accesible a través de un navegador web?,"Je, mfumo unafikika kupitia kivinjari cha wavuti?",Draft — review required
Question,Does the system have a mobile application or mobile-optimised interface?,Le système dispose-t-il d'une application mobile ou d'une interface optimisée pour les mobiles ?,هل يمتلك النظام تطبيقًا مخصصًا للهاتف أو واجهة مُحسّنة للهواتف؟,O sistema possui uma aplicação móvel ou interface otimizada para dispositivos móveis?,¿El sistema tiene una aplicación móvil o una interfaz optimizada para móviles?,"Je, mfumo una programu ya simu au kiolesura kilichoboreshwa na simu?",Draft — review required
Question,Does the system capture or access data when internet connectivity is unavailable?,Le système recueille-t-il ou accède-t-il à des données lorsque la connectivité Internet est inexistante ?,هل يُجمع أو يُستَخدم بيانات النظام عند عدم توفر الاتصال بالإنترنت؟,O sistema captura ou acessa dados quando a conectividade com a internet está indisponível?,¿El sistema captura o accede a datos cuando no hay conectividad por internet?,"Je, mfumo unachukua au kufikia data wakati muunganisho wa intaneti haupatikani?",Draft — review required
Question,Does the system provide an application programming interface (API)?,Le système fournit-il une interface de programmation d'applications (API) ?,هل يوفر النظام واجهة برمجة تطبيقات (API)؟,O sistema fornece uma interface de programação de aplicativos (API)?,¿El sistema proporciona una interfaz de programación de aplicaciones (API)?,"Je, mfumo hutoa kiolesura cha programu (API)?",Draft — review required
Question,Is the system distributed under an open-source software licence?,Le système est-il distribué sous une licence logicielle open source ?,هل يتم توزيع النظام وفقًا ل лиценز برمجيات مفتوح المصدر؟,O sistema é distribuído sob uma licença de software de código aberto?,¿El sistema está distribuido bajo una licencia de software de código abierto?,"Je, mfumo unasambazwa chini ya leseni ya programu huria?",Draft — review required
Question,What is the primary hosting model for the system?,Quel est le modèle principal d'hébergement du système ?,ما هو النموذج الرئيسي للإشراف على النظام؟,Qual é o modelo principal de hospedagem do sistema?,¿Cuál es el modelo principal de alojamiento del sistema?,Mfumo wa kukaribisha wageni wa msingi ni upi?,Draft — review required
Question,"Does the system exchange data with other information systems? If yes, list the systems and the type of data exchanged in the comments field.","Le système échange-t-il des données avec d'autres systèmes d'information ? Si oui, listez les systèmes et le type de données échangées dans le champ des commentaires.",هل يتبادل النظام بيانات مع أنظمة معلومات أخرى؟ إذا كان الإجابة نعم، فسجّل الأنظمة والبيانات المتبادلة في حقل التعليقات.,"O sistema troca dados com outros sistemas de informação? Se sim, liste os sistemas e o tipo de dados trocados no campo de comentários.","¿El sistema intercambia datos con otros sistemas de información? Si es así, liste los sistemas y el tipo de datos intercambiados en el campo de comentarios.","Je, mfumo unabadilishana data na mifumo mingine ya taarifa? Ikiwa ndiyo, orodhesha mifumo na aina ya data iliyobadilishwa katika sehemu ya maoni.",Draft — review required
Question,Governance,Gouvernance,الإشراف,Gestão,Gestión,Utawala,Draft — review required
Question,Which institution has primary ownership and management responsibility for the system?,Quelle institution a la responsabilité principale d'exploitation et de gestion du système ?,أي مؤسسة تمتلك مسؤولية الملكية والقيادة في النظام؟,Qual instituição tem a responsabilidade primária de propriedade e gestão do sistema?,¿Cuál institución tiene la responsabilidad principal de propiedad y gestión del sistema?,Ni taasisi gani ambayo ina jukumu la kimsingi la umiliki na usimamizi wa mfumo?,Draft — review required
Question,Which institution or provider is responsible for hosting the system?,Quelle institution ou prestataire est responsable de l'hébergement du système ?,أي مؤسسة أو مزود يُعتبر مسؤولًا عن استضافة النظام؟,Qual instituição ou prestador é responsável por hospedar o sistema?,¿Cuál institución o proveedor es responsable de hospedar el sistema?,Ni taasisi au mtoa huduma gani anayehusika na kukaribisha wageni kwenye mfumo?,Draft — review required
Question,Are standard operating procedures available for the system's core operational and administrative processes?,Des procédures opérationnelles standard sont-elles disponibles pour les processus opérationnels et administratifs fondamentaux du système ?,هل توجد إجراءات تشغيلية معيارية لعمليات التشغيل والإدارية الأساسية للنظام؟,Os procedimentos operacionais padrão estão disponíveis para os processos operacionais e administrativos centrais do sistema?,¿Están disponibles los procedimientos operativos estándar para los procesos operativos y administrativos principales del sistema?,"Je, taratibu za kawaida za uendeshaji zinapatikana kwa ajili ya michakato ya msingi ya kiutendaji na kiutawala ya mfumo?",Draft — review required
Question,Are current user manuals or job aids available for the main user groups?,Des manuels d'utilisation actuels ou des outils de travail sont-ils disponibles pour les groupes d'utilisateurs principaux ?,هل توجد دليل المستخدمات أو أدوات مساعدة حالية للفئات الرئيسية المستخدمة؟,As instruções do usuário atuais ou auxílios para o trabalho estão disponíveis para os principais grupos de usuários?,¿Están disponibles las guías de usuario o materiales de apoyo para los grupos de usuarios principales?,"Je, miongozo ya sasa ya watumiaji au misaada ya kazi inapatikana kwa vikundi vikuu vya watumiaji?",Draft — review required
Question,"Is there an approved policy or agreement governing data access, use, and sharing?","Y a-t-il une politique ou un accord approuvé régissant l'accès, l'utilisation et le partage des données ?",هل هناك سياسة أو اتفاق مُعتمد ينظم وصول البيانات، واستخدامها، ومشاركتها؟,"Existe uma política ou acordo aprovado que regula o acesso, uso e compartilhamento de dados?","¿Existe una política o acuerdo aprobado que regule el acceso, uso y compartición de datos?","Je, kuna sera au makubaliano yaliyoidhinishwa yanayosimamia ufikiaji, matumizi na ushiriki wa data?",Draft — review required
Question,Are documented data security and privacy controls implemented for the system?,Des contrôles documentés de sécurité des données et de confidentialité sont-ils mis en œuvre pour le système ?,هل تم تطبيق مراقبة أمن البيانات وحماية الخصوصية الموثقة على النظام؟,São implementadas controles documentados de segurança e privacidade de dados para o sistema?,¿Se han implementado controles documentados de seguridad y privacidad de datos para el sistema?,"Je, hati za usalama wa data na udhibiti wa faragha zinatekelezwa kwa mfumo?",Draft — review required
Question,Deployment Experience,Expérience de déploiement,تجربة الإطلاق,Experiência com a implantação,Experiencia de implementación,Tukio la Kupelekwa,Draft — review required
Question,Has the system previously been used to support an outbreak or public health emergency response?,Le système a-t-il été précédemment utilisé pour soutenir une réponse à un outbreak ou à une urgence en santé publique ?,هل تم استخدام النظام سابقًا لدعم استجابة لانفجار أو طوارئ صحية عامة؟,O sistema foi anteriormente utilizado para suportar uma epidemia ou resposta a uma emergência de saúde pública?,¿Ha sido el sistema utilizado anteriormente para apoyar una emergencia o respuesta a una emergencia de salud pública?,"Je, mfumo hapo awali umetumika kusaidia mlipuko au mwitikio wa dharura wa afya ya umma?",Draft — review required
Question,Which outbreaks or public health emergencies has the system supported?,Quels outbreak ou urgences en santé publique le système a-t-il soutenu ?,ما هي المرض أو الأزمات الصحية التي دعمها النظام؟,Quais epidemias ou emergências de saúde pública o sistema suportou?,¿Qué brotes o emergencias de salud pública ha apoyado el sistema?,Ni milipuko gani au dharura za afya ya umma ambazo mfumo umesaidia?,Draft — review required
Question,What key lessons were learned from deploying or using the system during routine surveillance or emergency response?,Quels apprentissages clés ont été tirés du déploiement ou de l'utilisation du système lors d'un surveillance ou d'une réponse d'urgence ?,ما هي الدروس المهمة التي تم تعلمها من استخدام النظام أو تطبيقه خلال الاستجابة للوضع العادي أو الطوارئ surveillance؟,Quais lições importantes foram aprendidas ao implantar ou utilizar o sistema durante a resposta rotineira surveillance ou em uma emergência?,¿Qué lecciones clave se obtuvieron al implementar o utilizar el sistema durante una respuesta rutinaria surveillance o en una respuesta de emergencia?,Ni masomo gani muhimu yaliyojifunza kutokana na kupeleka au kutumia mfumo wakati wa surveillance ya kawaida au majibu ya dharura?,Draft — review required
Question,Sustainability,Pérennité,الاستدامة,Sustentabilidade,Sostenibilidad,Uendelevu ,Draft — review required
Question,Who currently provides the main technical support for the system?,Qui fournit actuellement le principal soutien technique au système ?,من يقدم حاليًا الدعم التقني الرئيسي للنظام؟,Quem presta atualmente o principal apoio técnico ao sistema?,¿Quién proporciona actualmente el principal soporte técnico al sistema?,Ni nani anayetoa msaada mkuu wa kiufundi kwa mfumo kwa sasa?,Draft — review required
Question,"Does the responsible national team have sufficient in-house expertise to configure, upgrade, integrate, and maintain the system?","L'équipe nationale responsable dispose-elle d'une expertise interne suffisante pour configurer, mettre à jour, intégrer et maintenir le système ?",هل يمتلك الفريق الوطني المعني خبرة داخلية كافية لتكوين النظام وتحديثه ودمجه وصيانته؟,"A equipe nacional responsável possui conhecimento interno suficiente para configurar, atualizar, integrar e manter o sistema?","¿Tiene el equipo nacional responsable suficiente experiencia interna para configurar, actualizar, integrar y mantener el sistema?","Je, timu ya kitaifa inayowajibika ina utaalamu wa kutosha wa ndani wa kusanidi, kuboresha, kujumuisha, na kudumisha mfumo?",Draft — review required
Question,What is the main source of funding for system operation and maintenance?,Quelle est la principale source de financement pour l'exploitation et le maintien du système ?,ما هي المصدر الرئيسي للتمويل لتشغيل النظام وصيانته؟,Qual é a principal fonte de financiamento para a operação e manutenção do sistema?,¿Cuál es la principal fuente de financiamiento para la operación y mantenimiento del sistema?,Nini chanzo kikuu cha fedha kwa ajili ya uendeshaji na matengenezo ya mfumo?,Draft — review required
Question,Opportunities & Challenges,Opportunités & Défis,فرص وتحديات,Oportunidades & Desafios,Oportunidades y desafíos,FURSA NA CHANGAMOTO,Draft — review required
Question,What are the system's main strengths or capabilities that should be retained or expanded?,Quels sont les principaux atouts ou capacités du système qui doivent être conservés ou développés ?,ما هي المزايا أو القدرات الرئيسية للنظام التي يجب الحفاظ عليها أو توسيعها؟,Quais são as principais forças ou capacidades do sistema que devem ser mantidas ou ampliadas?,¿Cuáles son las principales fortalezas o capacidades del sistema que deben conservarse o ampliarse?,Ni nguvu au uwezo gani kuu wa mfumo ambao unapaswa kuhifadhiwa au kupanuliwa?,Draft — review required
Question,"What are the main operational, technical, governance, or user challenges affecting the system?","Quels sont les principaux défis opérationnels, techniques, de gouvernance ou d'utilisation affectant le système ?",ما هي التحديات التشغيلية أو التقنية أو في مجال الإدارة أو الاستخدام التي تؤثر على النظام؟,"Quais são os principais desafios operacionais, técnicos, de governança ou de usuário afetando o sistema?","¿Cuáles son los principales desafíos operativos, técnicos, de gobernanza o de usuario que afectan al sistema?","Je, ni changamoto gani kuu za kiutendaji, kiufundi, utawala, au watumiaji zinazoathiri mfumo?",Draft — review required
Question,"What enhancements or improvements are currently planned, funded, or under development?","Quels améliorations ou renforcements sont actuellement prévus, financés ou en cours de développement ?",ما هي التحسينات أو التطورات التي تُخطط لها أو تُمول أو تُطور حاليًا؟,"Quais melhorias ou aprimoramentos estão atualmente planejados, financiados ou em desenvolvimento?","¿Cuáles son las mejoras o ampliaciones que actualmente están planeadas, financiadas o en desarrollo?","Ni maboresho au maboresho gani ambayo kwa sasa yamepangwa, kufadhiliwa, au yanaendelezwa?",Draft — review required
Question,What implementation or operational lessons could inform future deployments or adaptations?,Quels enseignements d'implémentation ou opérationnels pourraient influencer les futures déploiements ou adaptations ?,ما هي الدروس التي تُستخلص من التنفيذ أو التشغيل يمكن أن تُستخدم لتحسين التوسعات أو التكيّفات المستقبلية؟,Quais lições de implementação ou operacionais poderiam orientar futuras implantações ou adaptações?,¿Qué lecciones de implementación o de operación podrían orientar futuras implementaciones o adaptaciones?,Ni masomo gani ya utekelezaji au ya utendaji yanayoweza kuarifu kupelekwa au marekebisho ya siku zijazo?,Draft — review required
Question,"What known limitations constrain the system's coverage, performance, interoperability, or use?","Quels limitations connues restreignent la couverture, la performance, l'interopérabilité ou l'utilisation du système ?",ما هي القيود المعروفة التي تحد من نطاق النظام أو أداءه أو تكامله أو استخدامه؟,"Quais limitações conhecidas restrigem a cobertura, desempenho, interoperabilidade ou uso do sistema?","¿Qué limitaciones conocidas restringen la cobertura, el rendimiento, la interoperabilidad o el uso del sistema?","Je, ni mapungufu gani yanayojulikana yanazuia ufikiaji wa mfumo, utendaji, ushirikiano, au matumizi?",Draft — review required
Question,What are the priority actions or milestones in the system's future roadmap?,Quels sont les actions prioritaires ou les jalons dans la voie future du système ?,ما هي الإجراءات أو الأهداف المهمة في خطة النظام المستقبلية؟,Quais são as ações prioritárias ou marcos no plano futuro do sistema?,¿Cuáles son las acciones prioritarias o los hitos en el plan de futuro del sistema?,"Je, ni hatua gani za kipaumbele au hatua muhimu katika ramani ya baadaye ya mfumo?",Draft — review required
Question,Others,Autres,أخرى,Outros,Otros,Kwingineko,Draft — review required
Question,Provide any other relevant information about the system that has not been captured above.,Fournissez toute autre information pertinente sur le système qui n'a pas été captée ci-dessus.,أضف أي معلومات أخرى متعلقة بالنظام التي لم تُستخرج أعلاه.,Forneça qualquer outra informação relevante sobre o sistema que não foi capturada acima.,Proporcione cualquier otra información relevante sobre el sistema que no haya sido capturada anteriormente.,Toa taarifa nyingine yoyote muhimu kuhusu mfumo ambao haujachukuliwa hapo juu.,Draft — review required
Question,Governance and Coordination,Gouvernance et coordination,الإشراف والتنسيق,Gestão e Coordenação,Gobierno y coordinación,Utawala na Uratibu,Draft — review required
Question,Who are the main institutions and actors involved in surveillance and emergency response in the country?,Quelles sont les principales institutions et les principaux acteurs impliqués dans surveillance et dans la réponse aux urgences dans le pays ?,من هي المؤسسات والجهات الفاعلة الرئيسية المشاركة في surveillance والاستجابة للطوارئ في البلد؟,Quais são as principais instituições e os atores envolvidos em surveillance e na resposta a emergências no país?,¿Cuáles son las principales instituciones y actores involucrados en surveillance y en la respuesta a emergencias en el país?,Ni taasisi na wadau gani wakuu wanaohusika katika surveillance na mwitikio wa dharura nchini?,Draft — review required
Question,"Describe the mandates and responsibilities of the different institutions for collecting, managing, reporting and using surveillance and outbreak data.","Décrivez les mandats et responsabilités des différentes institutions concernant la collecte, la gestion, le rapport et l'utilisation des données surveillance et outbreak.",أوصِف المهام والمسؤوليات التي تمتلكها المؤسسات المختلفة في جمع وتنظيم وتقديم واستخدام بيانات surveillance وبيانات الأوبئة.,"Descreva os mandatos e responsabilidades das diferentes instituições para coleta, gestão, relato e uso dos dados de surveillance e de surtos.","Describa los mandatos y responsabilidades de las diferentes instituciones para la recolección, gestión, informe y uso de los datos de surveillance y de brotes.","Eleza mamlaka na majukumu ya taasisi tofauti za kukusanya, kusimamia, kuripoti na kutumia data ya surveillance na mlipuko.",Draft — review required
Question,"What coordination mechanisms or structures are in place for surveillance and emergency response, and how regularly do they meet and follow up agreed actions?","Quels mécanismes ou structures de coordination sont en place pour surveillance et la réponse aux urgences, et avec quelle fréquence se réunissent-ils et suivent-ils les actions convenues ?",ما هي الآليات أو الهياكل التي تُستخدم للتنسيق بين surveillance وردّ الأزمات، وما مدى تكرار اجتماعاتهما واتباع الإجراءات المتفق عليها؟,"Quais mecanismos ou estruturas de coordenação estão em vigor para surveillance e resposta a emergências, e com que frequência eles se reúnem e acompanham as ações acordadas?","¿Qué mecanismos o estructuras de coordinación existen para surveillance y la respuesta a emergencias, y con qué frecuencia se reúnen y se siguen las acciones acordadas?","Ni njia au miundo gani ya uratibu iliyopo kwa surveillance na mwitikio wa dharura, na ni mara ngapi hukutana na kufuatilia vitendo vilivyokubaliwa?",Draft — review required
Question,"How are decisions made and approved for introducing or replacing surveillance systems, changing reporting tools, and upgrading software platforms and systems?","Comment sont prises et approuvées les décisions concernant l'introduction ou le remplacement de systèmes surveillance, le changement des outils de rapport et la mise à jour des plateformes et systèmes logiciels ?",كيف يتم اتخاذ القرارات واعتمادها لتقديم أو استبدال أنظمة surveillance، أو تغيير أدوات التقرير، أو ترقية منصات البرمجيات والأنظمة؟,"Como são tomadas e aprovadas as decisões para introduzir ou substituir sistemas surveillance, alterar ferramentas de relato e atualizar plataformas e sistemas de software?","¿Cómo se toman y aprueban las decisiones para introducir o reemplazar sistemas de surveillance, cambiar herramientas de reporte y actualizar plataformas y sistemas de software?","Je, maamuzi yanafanywaje na kuidhinishwa kwa ajili ya kuanzisha au kubadilisha mifumo ya surveillance, kubadilisha zana za kuripoti, na kuboresha mifumo na mifumo ya programu?",Draft — review required
Question,"What are the main governance and coordination gaps, and which actions should be prioritised to address them?","Quels sont les principaux défauts de gouvernance et de coordination, et quels sont les actions à prioriser pour les corriger ?",ما هي الفجوات الرئيسية في مجال التحكم والتنسيق، وما هي الإجراءات التي يجب أن تُؤخذ أولوية لمعالجة هذه الفجوات؟,"Quais são as principais lacunas em governança e coordenação, e quais ações devem ser priorizadas para resolver essas lacunas?","¿Cuáles son las principales brechas en gobernanza y coordinación, y qué acciones deben priorizarse para abordarlas?","Mapengo makuu ya utawala na uratibu ni yapi, na ni hatua zipi zinapaswa kupewa kipaumbele ili kuyashughulikia?",Draft — review required
Question,Architecture and Design,Architecture et conception,البنية والتصميم,Arquitetura e Design,Arquitectura y Diseño,Usanifu Majengo na Ubunifu,Draft — review required
Question,Describe the overall architecture of the country's routine surveillance and emergency response information systems.,Décrivez l'architecture globale des systèmes d'information routiniers de surveillance et de réponse aux urgences du pays.,أذكر البنية العامة للأنظمة المخصصة للإبلاغ اليومي عن surveillance والأنظمة المخصصة للرد على الأزمات في البلاد.,Descreva a arquitetura geral dos sistemas de informações rotineiros do surveillance e de resposta a emergências do país.,Describa la arquitectura general de los sistemas de información rutinarios de surveillance y de respuesta a emergencias del país.,Eleza usanifu wa jumla wa utaratibu wa nchi surveillance na mifumo ya taarifa za kukabiliana na dharura.,Draft — review required
Question,"How do the different surveillance systems relate to each other and to other national systems such as laboratory, EMR, immunisation, CRVS and points-of-entry systems?","Comment les différents systèmes surveillance s'entrelacent-ils entre eux et avec d'autres systèmes nationaux tels que les laboratoires, EMR, la vaccination, CRVS et les systèmes d'entrée ?",كيف ترتبط الأنظمة المختلفة من surveillance مع بعضها البعض، ومع الأنظمة الوطنية الأخرى مثل مختبرات، EMR، التطعيم، CRVS، ونظم الدخول؟,"Como os diferentes sistemas surveillance se relacionam entre si e com outros sistemas nacionais, tais como laboratório, EMR, imunização, CRVS e sistemas de pontos de entrada?","¿Cómo se relacionan los diferentes sistemas de surveillance entre sí y con otros sistemas nacionales, tales como laboratorio, EMR, vacunación, CRVS y los sistemas de puntos de entrada?","Mifumo tofauti ya surveillance inahusianaje na mifumo mingine ya kitaifa kama vile maabara, EMR, chanjo, CRVS na mifumo ya kuingia?",Draft — review required
Question,"Is there a documented long-term national health information or digital health architecture, and does it adequately address surveillance and emergency response?","Y a-t-il une architecture nationale documentée sur les informations de santé ou la santé numérique à long terme, et cette architecture répond-elle adéquatement à surveillance et la réponse aux urgences ?",هل هناك معلومات صحية طويلة المدى أو بنية رقمية صحية وطنية موثقة، وهل تُعالج بشكل كافٍ الوضع المتعلق بـ surveillance وردود الفعل الطارئة؟,"Existe uma arquitetura nacional documentada de informações de saúde ou de saúde digital, e ela aborda adequadamente o surveillance e a resposta a emergências?","¿Existe una arquitectura documentada de información de salud o de salud digital nacional a largo plazo, y ¿cómo aborda adecuadamente el surveillance y la respuesta a emergencias?","Je, kuna taarifa ya afya ya kitaifa ya muda mrefu iliyoandikwa au usanifu wa afya ya kidijitali, na je, inashughulikia surveillance na mwitikio wa dharura vya kutosha?",Draft — review required
Question,"How are case notification, investigation and follow-up managed electronically, including the relationship between case-based systems such as DHIS2 Tracker and aggregate IDSR reporting?","Comment les systèmes case notification, les enquêtes et les suivis sont-ils gérés de manière électronique, y compris la relation entre les systèmes basés sur les cas comme DHIS2 Tracker et les rapports d'agrégation IDSR ?",كيف يتم إدارة case notification والتحقيق والاتصالات بشكل إلكتروني، بما في ذلك العلاقة بين أنظمة الحالات مثل DHIS2 Tracker وتقديم التقارير التراكمية لـ IDSR؟,"Como os sistemas case notification, investigação e acompanhamento são gerenciados eletronicamente, incluindo a relação entre sistemas baseados em casos, como o DHIS2 Tracker, e o relato agregado do IDSR?","¿Cómo se gestionan electrónicamente el case notification, las investigaciones y las acciones de seguimiento, incluyendo la relación entre los sistemas basados en casos como DHIS2 Tracker y el informe agregado de IDSR?","case notification, uchunguzi na ufuatiliaji unasimamiwaje kielektroniki, ikiwa ni pamoja na uhusiano kati ya mifumo inayotegemea kesi kama vile DHIS2 Tracker na ripoti ya jumla ya IDSR?",Draft — review required
Question,"How are laboratory results linked to cases, and what identifiers are used to link persons, cases, samples, contacts and events?","Comment les résultats des laboratoires sont-ils liés aux cas, et quels identifiants sont utilisés pour relier des personnes, des cas, des échantillons, des contacts et des événements ?",كيف يتم ربط نتائج المختبرات بالحالات، وما هي المُعرفات المستخدمة لربط الأشخاص والحالات والعينات والاتصالات والحدث؟,"Como os resultados laboratoriais estão ligados aos casos e quais identificadores são usados para ligar pessoas, casos, amostras, contatos e eventos?","¿Cómo están relacionados los resultados de laboratorio con los casos, y qué identificadores se utilizan para vincular a personas, casos, muestras, contactos y eventos?","Je, matokeo ya maabara yanaunganishwaje na visa, na ni vitambulisho gani vinatumika kuunganisha watu, visa, sampuli, waliotagusana na matukio?",Draft — review required
Question,Data Collection Processes and Tools,Processus et outils de collecte des données,إجراءات جمع البيانات والأدوات,Processos e ferramentas de coleta de dados,Procesos y herramientas de recolección de datos,Mchakato na Zana za Ukusanyaji wa Data,Draft — review required
Question,"Describe the main surveillance data collection and reporting processes from community and Village Health Team level through health facilities, laboratories, districts and national level.","Décrivez les principaux processus de collecte et de rapportage de surveillance au niveau des communautés et des équipes de santé des villages, jusqu'aux établissements de santé, aux laboratoires, aux districts et au niveau national.",اشرح العمليات الرئيسية لجمع البيانات وتقديم التقارير في surveillance من مستوى المجتمع وفريق صحة القرية حتى المرافق الصحية والمعاهد، والمناطق، والمستوى الوطني.,"Descreva os principais processos de coleta e relato de dados surveillance a partir do nível de equipe comunitária e de equipe de saúde do vilarejo até unidades de saúde, laboratórios, distritos e nível nacional.","Describa los principales procesos de recolección y reporte de datos de surveillance desde el nivel de comunidad y equipo de salud de los pueblos hasta instalaciones de salud, laboratorios, distritos y nivel nacional.","Eleza michakato mikuu ya ukusanyaji na kuripoti data ya surveillance kutoka ngazi ya Jamii na Timu ya Afya ya Kijiji kupitia vituo vya afya, maabara, wilaya na ngazi ya kitaifa.",Draft — review required
Question,"Which groups of users are involved in surveillance data collection, and what reporting tools, devices and communication channels do they use?","Quels groupes d'utilisateurs sont impliqués dans la collecte de données surveillance, et quels outils de rapportage, appareils et canaux de communication utilisent-ils ?",أي مجموعات المستخدمين تشارك في جمع بيانات surveillance، وما الأدوات والجهازات والقنوات الاتصالية التي يستخدمونها للإبلاغ؟,"Quais grupos de usuários estão envolvidos na coleta de dados surveillance e quais ferramentas, dispositivos e canais de comunicação eles utilizam?","¿Qué grupos de usuarios participan en la recolección de datos de surveillance, y qué herramientas, dispositivos y canales de comunicación utilizan?","Ni makundi gani ya watumiaji wanaohusika katika ukusanyaji wa data ya surveillance, na ni zana gani za kuripoti, vifaa na njia za mawasiliano wanazotumia?",Draft — review required
Question,How complete and timely is case notification and routine surveillance reporting at the different levels of the health system?,Quelle est la complétude et la rapidité des rapports de case notification et de surveillance en routine au niveau des différents échelons du système de santé ?,كم تكتمل وتكون تقارير case notification وsurveillance العادية في مختلف مستويات نظام الصحة؟,Quão completa e oportuna é a coleta de dados case notification e de rotina surveillance nos diferentes níveis do sistema de saúde?,¿Cuán completa y oportuna es la reporte de case notification y de surveillance en los distintos niveles del sistema de salud?,case notification na ripoti ya kawaida ya surveillance ni kamili na kwa wakati gani katika viwango tofauti vya mfumo wa afya?,Draft — review required
Question,"How are mobile and offline data collection supported, including device provision, use of personal devices, connectivity, application updates and hardware support?","Comment la collecte de données mobiles et hors ligne est-elle soutenue, y compris la fourniture des appareils, l'utilisation des appareils personnels, la connectivité, les mises à jour des applications et le soutien du matériel ?",كيف يتم دعم جمع البيانات عبر الإنترنت والغير متصل، بما في ذلك توفير الأجهزة، استخدام الأجهزة الشخصية، الاتصال، تحديث التطبيقات، ودعم الأجهزة؟,"Como são apoiadas a coleta de dados móveis e offline, incluindo a fornecimento de dispositivos, uso de dispositivos pessoais, conectividade, atualizações de aplicativos e suporte ao hardware?","¿Cómo se apoya la recolección de datos móviles y offline, incluyendo la provisión de dispositivos, el uso de dispositivos personales, la conectividad, las actualizaciones de aplicaciones y el soporte de hardware?","Je, ukusanyaji wa data kwenye simu na nje ya mtandao unasaidiwaje, ikiwa ni pamoja na utoaji wa kifaa, matumizi ya vifaa binafsi, muunganisho, sasisho la programu na usaidizi wa vifaa?",Draft — review required
Question,"What are the main gaps in surveillance data collection processes and tools, and which improvements should be prioritised?","Quels sont les principaux défauts dans les processus et outils de collecte de données surveillance, et quels améliorations doivent être prioritaires ?",ما هي الفجوات الرئيسية في عمليات جمع البيانات والأساليب الخاصة بـ surveillance، وما هي التحسينات التي يجب أن تُؤخذ بعين الاعتبار؟,Quais são as principais lacunas nos processos e ferramentas de coleta de dados surveillance e quais melhorias devem ser priorizadas?,"¿Cuáles son las principales brechas en los procesos y herramientas de recolección de datos de surveillance, y qué mejoras deben priorizarse?","Ni mapungufu gani makuu katika michakato na zana za ukusanyaji wa data za surveillance, na ni maboresho gani yanapaswa kupewa kipaumbele?",Draft — review required
Question,Data Standards and Quality,Normes et qualité des données,معايير البيانات والجودة,Padrões de Dados e Qualidade,Estándares de datos y calidad,Viwango na Ubora wa Data,Draft — review required
Question,"Which diseases, conditions and public health events are under surveillance, and which are included in electronic surveillance systems?","Quelles maladies, états et événements de santé publique sont inclus dans surveillance, et quels sont ceux intégrés dans les systèmes électroniques surveillance ?",أي أمراض، حالات، أو أحداث صحية تُستبعد من surveillance، وما هي التي تُدرج في أنظمة الـ surveillance الإلكترونية؟,"Quais doenças, condições e eventos de saúde pública estão sob surveillance e quais estão incluídos nos sistemas eletrônicos surveillance?","¿Cuáles son las enfermedades, condiciones y eventos de salud pública bajo surveillance, y cuáles están incluidos en los sistemas electrónicos surveillance?","Ni magonjwa gani, hali na matukio ya afya ya umma yaliyo chini ya surveillance, na ambayo yamejumuishwa katika mifumo ya kielektroniki ya surveillance?",Draft — review required
Question,"How well do the variables and indicators in national surveillance tools align with the Gap Analysis Toolkit data dictionary and current national, WHO and Africa CDC guidance?","Dans quelle mesure les variables et indicateurs des outils nationaux de surveillance sont-ils alignés sur le dictionnaire de données du Gap Analysis Toolkit et sur les recommandations nationales, de WHO et de Africa CDC actuellement en vigueur ?",ما مدى توافق المتغيرات والمؤشرات في الأدوات الوطنية الخاصة بـ surveillance مع قاموس بيانات أداة تحليل الفجوات، والإرشادات الوطنية، WHO، وAfrica CDC الحالية؟,"Em que medida as variáveis e indicadores nas ferramentas nacionais surveillance estão alinhadas com o dicionário de dados do Gap Analysis Toolkit e com as orientações atuais nacionais, WHO e Africa CDC?","¿Cuán bien alinean las variables e indicadores en las herramientas nacionales surveillance con el diccionario de datos del Toolkit de Análisis de Brechas y con las guías actuales nacionales, WHO y Africa CDC?","Vigezo na viashiria katika zana za kitaifa za surveillance vinaendana vipi na kamusi ya data ya Uchambuzi wa Pengo na mwongozo wa sasa wa kitaifa, WHO na Africa CDC?",Draft — review required
Question,"Are clear and current case definitions, classification rules and reporting guidance available and accessible for all priority diseases and events?","Sont-ils clairs et actualisés, les définitions des cas, les règles de classification et les instructions de rapport pour toutes les maladies et événements prioritaires ?",هل تتوفر وتنصّب مفاهيم الحالات والقواعد التصنيفية والنصائح الخاصة بالإبلاغ بشكل واضح وحديث لكل الأمراض والحدثات ذات الأولوية؟,"Existem definições claras e atualizadas de caso, regras de classificação e orientações de relato disponíveis e acessíveis para todas as doenças e eventos de prioridade?","¿Están disponibles y accesibles definiciones claras y actuales de casos, reglas de clasificación y guías de reporte para todas las enfermedades y eventos prioritarios?","Je, ufafanuzi wa wazi na wa sasa wa kesi, sheria za uainishaji na mwongozo wa kuripoti unapatikana na unapatikana kwa magonjwa na matukio yote ya kipaumbele?",Draft — review required
Question,"Are outbreak alert and action thresholds defined for priority diseases and events, and are they configured and used in the surveillance systems?","Les seuils de outbreak alert et les seuils d'action sont-ils définis pour les maladies et événements prioritaires, et sont-ils configurés et utilisés dans les systèmes surveillance ?",هل تم تحديد أطر التحذير والإجراءات للإصابات والحدثات ذات الأولوية، وتم تكوينها واستخدامها في أنظمة surveillance؟,"São definidas as faixas de alerta e ação para doenças e eventos de prioridade, e essas são configuradas e utilizadas nos sistemas surveillance?","¿Se definen umbrales de alerta y acción para enfermedades y eventos prioritarios, y se configuran y utilizan en los sistemas surveillance?","Je, tahadhari ya mlipuko na vizingiti vya hatua vimefafanuliwa kwa magonjwa na matukio ya kipaumbele, na je, vimewekwa na kutumiwa katika mifumo ya surveillance?",Draft — review required
Question,"What are the main data standards and data quality gaps, and which actions should be prioritised to address them?","Quels sont les principaux écarts de normes de données et de qualité des données, et quels sont les actions à prioriser pour les corriger ?",ما هي المعايير الأساسية للبيانات والفراغات في جودة البيانات، وما هي الإجراءات التي يجب أن تُؤخذ أولوية لمعالجة هذه الفراغات؟,"Quais são as principais lacunas nos padrões de dados e na qualidade dos dados, e quais ações devem ser priorizadas para abordá-las?","¿Cuáles son los principales estándares de datos y las brechas en la calidad de los datos, y qué acciones deben priorizarse para abordarlos?","Je, ni viwango gani vikuu vya data na mapungufu ya ubora wa data, na ni hatua zipi zinapaswa kupewa kipaumbele ili kuzishughulikia?",Draft — review required
Question,Surveillance and Response Functionality,Surveillance et fonctionnalité de réponse,Surveillance ووظائف الاستجابة,Surveillance e Funcionalidade de Resposta,Surveillance y funcionalidad de respuesta,Surveillance na Utendaji wa Majibu,Draft — review required
Question,"How are rumours, signals and alerts collected, verified, triaged and linked to case or event investigation?","Comment les rumeurs, signals et alerts sont-elles recueillies, vérifiées, triées et liées à l'enquête sur les cas ou les événements ?",كيف يتم جمع وتأكيد وتصنيف وربط الإشارات والأخبار والتنبيهات بتحقيق الحالات أو الأحداث؟,"Como as notícias, sinais e alertas são coletados, verificados, classificados e vinculados à investigação de casos ou eventos?","¿Cómo se recopilan, se validan, se clasifican y se vinculan los rumores, señales y alertas con las investigaciones de casos o eventos?","Uvumi, ishara na arifa zinakusanywaje, kuthibitishwa, kutatuliwa na kuhusishwa na uchunguzi wa kisa au tukio?",Draft — review required
Question,"How is contact tracing currently supported, including linkage of contacts to index cases and monitoring of follow-up and outcomes?","Comment le contact tracing est-il actuellement soutenu, y compris la liaison des contacts aux cas index et le suivi des résultats et des suites ?",كيف يتم دعم contact tracing حاليًا، بما في ذلك ربط الاتصالات بالحالات الأساسية ورصد المتابعة والنتائج؟,"Como o contact tracing é atualmente suportado, incluindo o vinculo de contatos aos casos indexados e o monitoramento do acompanhamento e dos resultados?","¿Cómo se apoya actualmente contact tracing, incluyendo el vínculo de contactos con casos índice y el monitoreo de seguimiento y resultados?","contact tracing inasaidiwaje kwa sasa, ikiwa ni pamoja na kuunganishwa kwa anwani na visa vya faharisi na ufuatiliaji wa ufuatiliaji na matokeo?",Draft — review required
Question,"How are vaccination activities for routine services and outbreak response recorded and linked to cases, contacts or target populations?","Comment les activités de vaccination pour les services réguliers et la réponse outbreak sont-elles enregistrées et liées aux cas, aux contacts ou aux populations cibles ?",كيف يتم تسجيل أنشطة التطعيم للخدمات العادية والاستجابة للإصابات وربطها بالحالات أو الاتصالات أو المجموعات المستهدفة؟,"Como as atividades de vacinação para serviços regulares e resposta a surtos são registradas e vinculadas a casos, contatos ou populações-alvo?","¿Cómo se registran y se vinculan las actividades de vacunación para servicios rutinarios y respuesta a brotes con casos, contactos o poblaciones objetivo?","Shughuli za chanjo kwa huduma za kawaida na mwitikio wa mlipuko hurekodiwaje na kuunganishwa na visa, waliotagusana au watu walengwa?",Draft — review required
Question,"How do the systems support automated notifications, escalation of key events, and Rapid Response Team rostering and deployment?","Comment les systèmes permettent-ils les notifications automatisées, l'escalade des événements clés, et le calendage et le déploiement Rapid Response Team ?",كيف تدعم الأنظمة الإشعارات التلقائية، ورفع الأحداث المهمة، وجدولة ونشر Rapid Response Team؟,"Como os sistemas apoiam notificações automatizadas, escalonamento de eventos-chave e Rapid Response Team de roteiro e deploy?","¿Cómo los sistemas apoyan las notificaciones automatizadas, la escalada de eventos clave, y el Rapid Response Team de turnos y despliegue?","Mifumo inasaidiaje arifa za kiotomatiki, kuongezeka kwa matukio muhimu, na orodha ya Rapid Response Team na kupelekwa?",Draft — review required
Question,"Which surveillance and response functions are unavailable or not working adequately, and which should be prioritised for strengthening or rapid activation?","Quelles fonctions surveillance et de réponse sont inaccessibles ou ne fonctionnent pas correctement, et quelles doivent être priorisées pour une renforcement ou une activation rapid ?",أي وظائف surveillance ووظائف الاستجابة غير متاحة أو لا تعمل بشكل كافٍ، وما يجب أن يُؤخذ بعين الاعتبار لتعزيزه أو تفعيله rapid؟,"Quais funções surveillance e de resposta estão inativas ou não funcionando adequadamente, e quais devem ser priorizadas para fortalecimento ou rapid ativação?","¿Cuáles funciones de surveillance y respuesta no están disponibles o no funcionan adecuadamente, y cuáles deberían priorizarse para fortalecerse o rapid activarse?","Ni kazi zipi za surveillance na majibu ambazo hazipatikani au hazifanyi kazi vya kutosha, na ni zipi zinapaswa kupewa kipaumbele kwa ajili ya kuimarisha au uanzishaji wa rapid?",Draft — review required
Question,"Analytics, Dissemination, and Data Use","Analytiques, Diffusion et Utilisation des Données",التحليل، التوزيع، واستخدام البيانات,"Análise, Disseminação e Uso de Dados","Análisis, Disseminación y Uso de Datos","Uchanganuzi, Usambazaji, na Matumizi ya Data",Draft — review required
Question,"What surveillance indicators, dashboards and analytical outputs are currently available, and how are they defined and maintained?","Quels indicateurs surveillance, tableaux de bord et résultats analytiques sont actuellement disponibles, et comment sont-ils définis et maintenus ?",ما هي مؤشرات surveillance وواجهات التحكم والنتائج التحليلية المتاحة حاليًا، وكيف تُعرّف وتُحافظ عليها؟,"Quais indicadores, painéis e saídas analíticas do surveillance estão atualmente disponíveis e como são definidos e mantidos?","¿Qué indicadores surveillance, dashboards y salidas analíticas están actualmente disponibles, y cómo se definen y mantienen?","Ni viashiria gani vya surveillance, dashibodi na matokeo ya uchambuzi yanayopatikana kwa sasa, na yanafafanuliwa na kudumishwaje?",Draft — review required
Question,"Are dashboards and analytical products tailored to the needs of different users such as the Ministry of Health, PHEOC, laboratories, districts, facilities and partners?","Les tableaux de bord et les produits analytiques sont-ils adaptés aux besoins de différents utilisateurs tels que le Ministère de la Santé, PHEOC, les laboratoires, les districts, les établissements et les partenaires ?",هل تُصمم واجهات التحكم والمنتجات التحليلية لتلبية احتياجات مستخدمين مختلفين مثل وزارة الصحة، PHEOC، والمعاهد، والمناطق، والمرافق، والشركاء؟,"Os painéis e produtos analíticos são personalizados para atender às necessidades de diferentes usuários, tais como o Ministério da Saúde, PHEOC, laboratórios, distritos, instalações e parceiros?","¿Los dashboards y los productos analíticos están adaptados a las necesidades de diferentes usuarios, tales como el Ministerio de Salud, PHEOC, laboratorios, distritos, instalaciones y socios?","Je, dashibodi na bidhaa za uchambuzi zinaendana na mahitaji ya watumiaji tofauti kama vile Wizara ya Afya, PHEOC, maabara, wilaya, vifaa na washirika?",Draft — review required
Question,"How are surveillance data analysed and used for early warning, trend monitoring, outbreak threshold detection and management of response activities?","Comment les données surveillance sont-elles analysées et utilisées pour une alerte précoce, le suivi des tendances, la détection de seuils outbreak et la gestion des activités de réponse ?",كيف يتم تحليل بيانات surveillance وتطبيقها في تحذير مبكر، ومراقبة الاتجاهات، وتحديد حدود الوباء، وإدارة الأنشطة التفاعلية؟,"Como os dados do surveillance são analisados e utilizados para detecção de alertas precoce, monitoramento de tendências, detecção de limiares de surto e gestão das atividades de resposta?","¿Cómo se analizan y utilizan los datos surveillance para alertas tempranas, monitoreo de tendencias, detección de umbral de brotes y gestión de actividades de respuesta?","Data ya surveillance inachambuliwaje na kutumika kwa onyo la mapema, ufuatiliaji wa mwenendo, utambuzi wa kizingiti cha mlipuko na usimamizi wa shughuli za mwitikio?",Draft — review required
Question,Describe the current practices for disseminating surveillance information and producing routine information products.,Décrire les pratiques actuelles pour diffuser les informations surveillance et produire des produits d'information réguliers.,أذكر الممارسات الحالية في نشر معلومات surveillance وتصنيع المنتجات المعلوماتية المنتظمة.,Descreva as práticas atuais para disseminar informações do surveillance e produzir produtos de informação rotineiros.,Describa las prácticas actuales para difundir información surveillance y producir productos de información rutinarios.,Eleza mazoea ya sasa ya kusambaza taarifa za surveillance na kuzalisha bidhaa za taarifa za kawaida.,Draft — review required
Question,"What are the main gaps in analytics, dissemination and data use, and which improvements should be prioritised?","Quels sont les principaux écarts dans l'analyse, la diffusion et l'utilisation des données, et quels améliorations devraient être prioritaires ?",ما هي الفجوات الرئيسية في التحليل، والنشر، واستخدام البيانات، وما هي التحسينات التي يجب أن تُؤخذ بعين الاعتبار أولًا؟,"Quais são as principais lacunas nas análises, disseminação e uso dos dados, e quais melhorias deveriam ser priorizadas?","¿Cuáles son las principales brechas en el análisis, difusión y uso de los datos, y cuáles mejoras deben priorizarse?","Je, ni mapungufu gani makuu katika uchanganuzi, usambazaji na matumizi ya data, na ni maboresho gani yanapaswa kupewa kipaumbele?",Draft — review required
Question,"Security, Privacy, and Resilience","Sécurité, Confidentialité et Résilience",الأمان، الخصوصية، والقدرة على التحمل,"Segurança, Privacidade e Resiliência","Seguridad, Privacidad y Resiliencia","Usalama, Faragha, na Ustahimilivu",Draft — review required
Question,Is there a clearly designated senior person or institution responsible for information security and privacy for surveillance systems?,Y a-t-il une personne ou une institution désignée comme responsable de la sécurité et de la confidentialité de l'information pour les systèmes surveillance ?,هل هناك شخص أو مؤسسة مُحدّد بوضوح يُسَمّى مسؤولًا عن أمن المعلومات وخصوصية البيانات في أنظمة surveillance؟,Há uma pessoa ou instituição responsável claramente designada para a segurança da informação e da privacidade dos sistemas surveillance?,¿Existe una persona o institución senior claramente designada responsable de la seguridad de la información y la privacidad para los sistemas surveillance?,"Je, kuna mtu mwandamizi aliyeteuliwa wazi au taasisi inayohusika na usalama wa habari na faragha kwa mifumo ya surveillance?",Draft — review required
Question,"What policies and procedures are in place for data protection, data sharing, user access, confidentiality, retention and acceptable use of surveillance data?","Quelles politiques et procédures sont en place en matière de protection des données, de partage des données, d'accès des utilisateurs, de confidentialité, de conservation et d'utilisation acceptée des données surveillance ?",ما هي السياسات والإجراءات المتبعة في حماية البيانات، ومشاركة البيانات، ووصول المستخدمين، وسرية البيانات، وفترة الحفظ، واستخدام البيانات بشكل مقبول في بيانات surveillance؟,"Quais são as políticas e procedimentos em vigor para a proteção de dados, compartilhamento de dados, acesso dos usuários, confidencialidade, retenção e uso aceitável dos dados surveillance?","¿Qué políticas y procedimientos existen para la protección de datos, el intercambio de datos, el acceso de usuarios, la confidencialidad, la conservación y el uso aceptable de los datos surveillance?","Ni sera na taratibu gani zilizopo za ulinzi wa data, kushiriki data, ufikiaji wa mtumiaji, usiri, uhifadhi na matumizi yanayokubalika ya data ya surveillance?",Draft — review required
Question,"Is there a current security and privacy risk register, and are risk or privacy assessments conducted and followed up?","Y a-t-il un risque actuel de sécurité et de confidentialité register, et sont-ils évalués et suivis ?",هل هناك خطر أمني أو خطر خصوصي حالي في مجال gis، وهل تُجرى تقييمات للخطر أو الخصوصية وتُتابع؟,"Há um risco atual de segurança e privacidade register, e são realizadas e acompanhadas avaliações de risco ou privacidade?","¿Existe un riesgo actual de seguridad y privacidad register, y se realizan y se siguen evaluaciones de riesgo o privacidad?","Je, kuna hatari ya sasa ya usalama na faragha ya register, na je, tathmini za hatari au faragha zinafanywa na kufuatwa?",Draft — review required
Question,"Are system backups automated and routinely tested, and are recovery and business-continuity procedures documented and tested?","Les sauvegardes des systèmes sont-elles automatisées et testées régulièrement, et les procédures de récupération et de continuité des activités sont-elles documentées et testées ?",هل يتم تلقائيًا إعداد نسخ احتياطية للأنظمة وفحصها بشكل دوري، وهل تُوثّق وتم اختبار إجراءات استعادة الأنظمة وضمان استمرارية الأعمال؟,"Os backups do sistema são automatizados e testados regularmente, e os procedimentos de recuperação e continuidade de negócios estão documentados e testados?","¿Los respaldos del sistema son automatizados y se prueban rutinariamente, y se documentan y prueban los procedimientos de recuperación y de continuidad empresarial?","Je, chelezo za mfumo ni za kiotomatiki na zinajaribiwa mara kwa mara, na je, taratibu za kupona na kuendelea kwa biashara zimeandikwa na kupimwa?",Draft — review required
Question,"What are the main security, privacy and system resilience gaps, and which actions should be prioritised?","Quels sont les principaux défauts de sécurité, de confidentialité et de résilience des systèmes, et quels actions doivent être prioritaires ?",ما هي الفجوات الرئيسية في الأمان والخصوصية وصلابة النظام، وما هي الإجراءات التي يجب أن تُؤخذ بدرجة أولوية؟,"Quais são as principais lacunas em segurança, privacidade e resiliência do sistema, e quais ações devem ser priorizadas?","¿Cuáles son las principales brechas de seguridad, privacidad y resiliencia del sistema, y qué acciones deben priorizarse?","Je, ni mapungufu gani makuu ya usalama, faragha na ustahimilivu wa mfumo, na ni hatua zipi zinapaswa kupewa kipaumbele?",Draft — review required
Question,Capacity for Sustained System Management,Capacité de gestion durable des systèmes,القدرة على إدارة النظام بشكل مستمر,Capacidade de Gestão Sustentável do Sistema,Capacidad para la gestión sostenida del sistema,Uwezo wa Usimamizi Endelevu wa Mfumo,Draft — review required
Question,"Which teams are responsible for managing the country's surveillance information systems, and what roles do they perform?","Quels équipes sont responsables de la gestion des systèmes d'information surveillance du pays, et quels rôles exercent-elles ?",أي الفرق مسؤولة عن إدارة أنظمة معلومات البلد surveillance، وما الأدوار التي يلعبها كل منها؟,Quais equipes são responsáveis por gerir os sistemas de informação surveillance do país e quais papéis elas desempenham?,¿Cuáles son los equipos responsables de gestionar los sistemas de información surveillance del país y cuáles son los roles que desempeñan?,"Ni timu zipi zinawajibika kusimamia mifumo ya taarifa ya surveillance ya nchi, na zinatekeleza majukumu gani?",Draft — review required
Question,Are all the required roles and competencies available within the system management teams?,Tous les rôles et compétences requis sont-ils disponibles au sein des équipes de gestion des systèmes ?,هل توجد جميع الأدوار والكفاءات المطلوبة داخل فرق إدارة النظام؟,Todos os papéis e competências necessários estão disponíveis dentro das equipes de gestão do sistema?,¿Están disponibles dentro de los equipos de gestión todos los roles y competencias necesarios?,"Je, majukumu na umahiri wote unaohitajika unapatikana ndani ya timu za usimamizi wa mfumo?",Draft — review required
Question,"Do system administrators and support teams receive appropriate induction, training, refresher training and mentoring to perform their roles?","Les équipes d'administration des systèmes et d'assistance reçoivent-elles une formation appropriée, des formations, des formations de rafraîchissement et une mentorat pour exécuter leurs rôles ?",هل يتلقى مديرو الأنظمة وفرق الدعم التدريب المناسب، والتدريب المُعاد، والدعم التدريبي لإنجاز مهامهم؟,"Os times de administradores de sistemas e suporte recebem indução, treinamento, treinamento de revisão e mentoria adequados para desempenhar seus papéis?","¿Los equipos de administración de sistemas y soporte reciben inducción, formación, formación complementaria y mentoría adecuadas para desempeñar sus funciones?","Je, wasimamizi wa mfumo na timu za usaidizi hupokea mafunzo, mafunzo, mafunzo na ushauri unaofaa ili kutekeleza majukumu yao?",Draft — review required
Question,"Do the responsible teams have sufficient time, staffing, tools, infrastructure and operational resources to manage and support the systems?","Les équipes responsables disposent-elles du temps, des effectifs, des outils, de l'infrastructure et des ressources opérationnelles nécessaires pour gérer et soutenir les systèmes ?",هل تمتلك الفرق المسؤولة وقتًا كافيًا، وفريقًا كافيًا، وأدواتًا، وبنية تحتية، وموارد تشغيلية كافية لتشغيل ودعم الأنظمة؟,"As equipes responsáveis têm tempo suficiente, equipe, ferramentas, infraestrutura e recursos operacionais para gerir e suportar os sistemas?","¿Tienen los equipos responsables suficiente tiempo, personal, herramientas, infraestructura y recursos operativos para gestionar y apoyar los sistemas?","Je, timu zinazowajibika zina muda wa kutosha, wafanyakazi, zana, miundombinu na rasilimali za kiutendaji ili kusimamia na kusaidia mifumo?",Draft — review required
Question,"Which standard operating procedures and support arrangements are available for user management, configuration changes, testing, upgrades, documentation and helpdesk support, and what gaps remain?","Quels protocoles opérationnels et arrangements de soutien sont disponibles pour la gestion des utilisateurs, les modifications de configuration, les tests, les mises à jour, la documentation et le support technique, et quels déficits subsistent ?",ما هي الإجراءات القياسية والترتيبات الداعمة المتاحة لإدارة المستخدمين، وتعديل الإعدادات، والاختبارات، والتحديثات، والوثائق، ودعم المساعدة، وما هي الفجوات المتبقية؟,"Quais procedimentos operacionais padrão e arranjos de suporte estão disponíveis para gestão de usuários, alterações de configuração, testes, atualizações, documentação e suporte de helpdesk, e quais lacunas permanecem?","¿Cuáles son los procedimientos operativos estándar y los acuerdos de apoyo disponibles para la gestión de usuarios, cambios de configuración, pruebas, actualizaciones, documentación y soporte técnico, y qué vacíos persisten?","Ni taratibu gani za kawaida za uendeshaji na mipangilio ya usaidizi zinazopatikana kwa ajili ya usimamizi wa mtumiaji, mabadiliko ya usanidi, upimaji, maboresho, nyaraka na usaidizi wa orodha ya usaidizi, na ni mapungufu gani yanayobaki?",Draft — review required
Question,Sustainable Financing,Financement durable,التمويل المستدام,Financiamento Sustentável,Financiamiento sostenible,Ufadhili Endelevu,Draft — review required
Question,Describe the current funding model for surveillance information systems and emergency response activities in the country.,Décrivez le modèle actuel de financement des systèmes d'information surveillance et des activités de réponse aux urgences dans le pays.,اشرح النموذج الحالي للتمويل لأنظمة surveillance للمعلومات والأنشطة المرتبطة بالاستجابة للطوارئ في البلاد.,Descreva o modelo atual de financiamento dos sistemas de informações surveillance e das atividades de resposta a emergências no país.,Describa el modelo actual de financiamiento para los sistemas de información de surveillance y las actividades de respuesta a emergencias en el país.,Eleza mtindo wa sasa wa ufadhili wa mifumo ya taarifa ya surveillance na shughuli za kukabiliana na dharura nchini.,Draft — review required
Question,"Which routine and emergency cost categories are currently funded, and which institutions or partners cover them?","Quels catégories de coûts réguliers et d'urgence sont actuellement financés, et quels organismes ou partenaires les couvrent ?",أي فئات تكلفة منتظمة وطوارئ يتم تمويلها حاليًا، وما هي المؤسسات أو الشركاء التي تغطيها؟,Quais categorias de custos rotineiros e de emergência estão atualmente financiadas e quais instituições ou parceiros as cobrem?,"¿Cuáles son las categorías de costos rutinarios y de emergencia que actualmente están financiadas, y qué instituciones o partners las cubren?","Ni aina gani za gharama za kawaida na za dharura ambazo zinafadhiliwa kwa sasa, na ni taasisi au washirika gani wanazilipia?",Draft — review required
Question,For how long is current funding secured for routine surveillance system operations and priority strengthening activities?,Pour combien de temps le financement actuel est-il assuré pour les opérations routinières du système surveillance et les activités de renforcement prioritaire ?,لما يُحتفظ بالتمويل الحالي لتشغيل أنظمة surveillance العادية وتحسين الأنشطة ذات الأولوية؟,Por quanto tempo o financiamento atual está garantido para as operações rotineiras do sistema surveillance e para as atividades prioritárias de fortalecimento?,¿Durante cuánto tiempo está asegurada la financiación actual para las operaciones rutinarias del sistema surveillance y para las actividades prioritarias de fortalecimiento?,"Je, ufadhili wa sasa unalindwa kwa muda gani kwa ajili ya shughuli za kawaida za mfumo wa surveillance na shughuli za kuimarisha kipaumbele?",Draft — review required
Question,"Are there ongoing funded surveillance or outbreak-response projects, and how are they aligned with national priorities, architecture and transition to government ownership?","Y a-t-il des projets financés en cours de surveillance ou de réponse outbreak, et comment ces projets sont-ils alignés sur les priorités nationales, l'architecture et la transition vers la propriété gouvernementale ?",هل هناك مشاريع مموّلة حاليًا لـ surveillance أو الاستجابة للإصابات، وكيف تتم تطابقها مع الأولويات الوطنية والبنية التحتية والانتقال إلى ملكية الحكومة؟,"Existem projetos financiados atuais de surveillance ou de resposta a surtos, e como eles estão alinhados às prioridades nacionais, à arquitetura e à transição para a posse governamental?","¿Existen proyectos financiados actualmente de surveillance o de respuesta a brotes, y cómo están alineados con las prioridades nacionales, la arquitectura y la transición a propiedad gubernamental?","Je, kuna miradi inayoendelea kufadhiliwa na surveillance au miradi ya kukabiliana na mlipuko, na inaambatana vipi na vipaumbele vya kitaifa, usanifu na mabadiliko ya umiliki wa serikali?",Draft — review required
Question,"What are the main financing gaps and sustainability risks, and which actions should be prioritised?","Quels sont les principaux écarts de financement et les risques de durabilité, et quels actions doivent être priorisées ?",ما هي الفجوات في التمويل والمخاطر المتعلقة بالاستدامة، وما هي الإجراءات التي يجب أن تُؤخذ بدرجة أولوية؟,"Quais são as principais lacunas de financiamento e riscos de sustentabilidade, e quais ações devem ser priorizadas?","¿Cuáles son las principales brechas de financiación y riesgos de sostenibilidad, y qué acciones deben priorizarse?","Je, ni mapungufu gani makuu ya ufadhili na hatari za uendelevu, na ni hatua zipi zinapaswa kupewa kipaumbele?",Draft — review required
Response choice,Aggregate,Granulat,الحصمة,Agregados,Agregado,Jumla,Draft — review required
Response choice,Event-based Surveillance,Event-based Surveillance,Event-based Surveillance,Event-based Surveillance,Event-based Surveillance,Event-based Surveillance,Draft — review required
Response choice,Case-based Data,Case-based Data,Case-based Data,Case-based Data,Case-based Data,Case-based Data,Draft — review required
Response choice,Alerts and Notifications (messaging to actors),Alertes et notifications (messagerie aux acteurs),التنبيهات والإشعارات (إرسال الرسائل إلى الجهات الفاعلة),Alertas e Notificações (mensagens para os atores),Alertas y notificaciones (mensajes a los actores),Arifa na Arifa (kutuma ujumbe kwa wahusika),Draft — review required
Response choice,Case-based Surveillance,Case-based Surveillance,Case-based Surveillance,Case-based Surveillance,Case-based Surveillance,Case-based Surveillance,Draft — review required
Response choice,Case management,Gestion des cas,إدارة الحالة,Gestão de casos,Manejo de casos,Usimamizi wa kesi,Draft — review required
Response choice,Community Event Notification,Notification d'événement communautaire,إشعار بالحدث المجتمعي,Notificação de Evento da Comunidade,Notificación de evento comunitario,Arifa ya Tukio la Jumuiya,Draft — review required
Response choice,Contact tracing,Contact tracing,Contact tracing,Contact tracing,Contact tracing,Contact tracing,Draft — review required
Response choice,Data analysis,Analyse des données,تحليل البيانات,Análise dos dados,Análisis de datos,Uchambuzi wa Data,Draft — review required
Response choice,Event based surveillance,Event based surveillance,Event based surveillance,Event based surveillance,Event based surveillance,Event based surveillance,Draft — review required
Response choice,IDSR/weekly syndromic surveillance,IDSR/weekly syndromic surveillance,IDSR/weekly syndromic surveillance,IDSR/weekly syndromic surveillance,IDSR/weekly syndromic surveillance,IDSR/weekly syndromic surveillance,Draft — review required
Response choice,Laboratory data,Laboratory data.,بيانات المختبر,Dados Laboratoriais,Datos de laboratorio,Data ya maabara,Draft — review required
Response choice,Logistics data,Les données logistiques,البيانات اللوجستية,Dados logísticos,Datos logísticos,Takwimu za vifaa,Draft — review required
Response choice,Other functions specify,D'autres fonctions précisent,تحدد الوظائف الأخرى,Outras funções especificam,Otras funciones especifican,Kazi nyingine zinafafanua,Draft — review required
Response choice,Rapid response team rostering,Rapid response team liste,جدول Rapid response team,Lista Rapid response team,Rapid response team rostering,Orodha ya Rapid response team,Draft — review required
Response choice,Signal management,Gestion de signal,"<g id=""1"">تدبير الإشارة </g>Signal Management<g id=""2"">:</g>",Gestão de sinais,Signal Management,Usimamizi wa ishara,Draft — review required
Response choice,Vaccination registry,Registre de vaccination,سجل التطعيمات,Registo de vacinação,Registro de vacunación,Usajili wa chanjo,Draft — review required
Response choice,DHIS2,DHIS2,DHIS2,DHIS2,DHIS2,DHIS2,Draft — review required
Response choice,Go.Data,Go.Data,Go.Data,Go.Data,Go.Data,Go.Data,Draft — review required
Response choice,OpenSRP,OpenSRP,OpenSRP,OpenSRP,OpenSRP,OpenSRP,Draft — review required
Response choice,CHT,CHT,CHT,CHT,CHT,CHT,Draft — review required
Response choice,OpenMRS,OpenMRS,OpenMRS,OpenMRS,OpenMRS,OpenMRS,Draft — review required
Response choice,ODK,ODK,ODK,ODK,ODK,ODK,Draft — review required
Response choice,CommCare,CommCare,CommCare,CommCare,CommCare,CommCare,Draft — review required
Response choice,RapidPro,RapidPro,RapidPro,RapidPro,RapidPro,RapidPro,Draft — review required
Response choice,OpenELIS,OpenELIS,OpenELIS,OpenELIS,OpenELIS,OpenELIS,Draft — review required
Response choice,Odoo,Odoo,Odoo,Odoo,Odoo,Odoo,Draft — review required
Response choice,REDCap,REDCap,REDCap,REDCap,REDCap,REDCap,Draft — review required
Response choice,Kobo system,Kobo system,Kobo system,Kobo system,Kobo system,Kobo system,Draft — review required
Response choice,Custom Application,Ne pas remplir,تطبيق مخصص,Aplicação personalizada,Ejecutar aplicación personalizada,Matumizi Mahususi,Draft — review required
Response choice,Other,Autre,غير ذلك,Outro,Otros,Nyingine,Draft — review required
Response choice,Active,Actif,نشط,Ativo,Activo,Mchangamfu,Draft — review required
Response choice,Pilot,Pilote,المرحلة التجريبية,Piloto,Piloto,Rubani,Draft — review required
Response choice,Dormant,dormants.,ساكن,Latentes,Inactiva,Bwete au Iliyolala (dormant),Draft — review required
Response choice,Retired,Retraité,متقاعدة,Reformado,Jubilado,Situmiki tena (Mapumziko ya wazee),Draft — review required
Response choice,Outbreak Response Only,Intervention en cas d'épidémie uniquement,الاستجابة لتفشيات الأمراض,Apenas resposta a surtos,respuesta a los brotes,Jibu la Mlipuko tu,Draft — review required
Response choice,Event-based,Event-based,Event-based,Event-based,Event-based,Event-based,Draft — review required
Response choice,Indicator-based,Indicator-based,Indicator-based,Indicator-based,Indicator-based,Indicator-based,Draft — review required
Response choice,Case-based,Case-based,Case-based,Case-based,Case-based,Case-based,Draft — review required
Response choice,Community-based,Community-based,Community-based,Community-based,Community-based,Community-based,Draft — review required
Response choice,Laboratory,Laboratoire,المختبر,Laboratório,Laboratorio,Maabara,Draft — review required
Response choice,Mortality,Mortalité,معدل الوفيات,Mortality,Mortalidad,Kifo,Draft — review required
Response choice,Point of Entry,Point d’entrée,نقطة الدخول,Ponto de entrada,Punto de entrada,Sehemu ya Kuingia,Draft — review required
Response choice,Genomic,Génome,مجيني، متعلق بكتلة الخلقة,Genômica,Genómica,Genomic,Draft — review required
Response choice,One Health,One Health,One Health,One Health,One Health,One Health,Draft — review required
Response choice,Environmental,Environnement,الأثر البيئي,Ambiental,Medioambiental,miradi ya ,Draft — review required
Response choice,Ebola,Ebola,Ebola,Ebola,Ebola,Ebola,Draft — review required
Response choice,Marburg,Marburg,Marburg,Marburg,Marburg,Marburg,Draft — review required
Response choice,Bundibugyo,Bundibugyo,Bundibugyo,Bundibugyo,Bundibugyo,Bundibugyo,Draft — review required
Response choice,Cholera,Cholera,Cholera,Cholera,Cholera,Cholera,Draft — review required
Response choice,Mpox,Mpox,Mpox,Mpox,Mpox,Mpox,Draft — review required
Response choice,Measles,Measles,Measles,Measles,Measles,Measles,Draft — review required
Response choice,COVID-19,COVID-19,COVID-19,COVID-19,COVID-19,COVID-19,Draft — review required
Response choice,Yellow Fever,Yellow Fever,Yellow Fever,Yellow Fever,Yellow Fever,Yellow Fever,Draft — review required
Response choice,Polio,Polio,Polio,Polio,Polio,Polio,Draft — review required
Response choice,Influenza,Influenza,Influenza,Influenza,Influenza,Influenza,Draft — review required
Response choice,Anthrax,Anthrax,Anthrax,Anthrax,Anthrax,Anthrax,Draft — review required
Response choice,N/A,N/A,N/A,N/A,N/A,N/A,Draft — review required
Response choice,Manual entry,Saisie manuelle,قيد يدوي,Lançamento manual,Entrada manual,KUWEKA MSIMBO WA KIBINAFSI,Draft — review required
Response choice,HL7/FHIR Messaging,HL7/FHIR Messaging,HL7/FHIR Messaging,HL7/FHIR Messaging,HL7/FHIR Messaging,HL7/FHIR Messaging,Draft — review required
Response choice,API Integration,Intégration API,تكامل API,Integração API,Integración API,Ujumuishaji wa API,Draft — review required
Response choice,CSV import,Import CSV,استيراد CSV,Importação CSV,Importación CSV,Uingizaji wa CSV,Draft — review required
Response choice,Direct LIS integration,Intégration directe LIS,التكامل المباشر مع LIS,Integração LIS direta,Integración directa LIS,Ujumuishaji wa LIS wa moja kwa moja,Draft — review required
Response choice,Email,E-mail,بريد إلكتروني,'E-mail',Correo electrónico,Barua pepe,Draft — review required
Response choice,CHWs,CHWs,CHWs,CHWs,CHWs,CHWs,Draft — review required
Response choice,Surveillance Officers,Officiers Surveillance,ضباط Surveillance,Oficiais Surveillance,Surveillance Oficiales,Maafisa Surveillance,Draft — review required
Response choice,Laboratory Staff,Laboratuvar Personeli,طاقم عمل المختبر,Equipe de Laboratório,Personal de Laboratorio,Wafanyakazi wa Maabara,Draft — review required
Response choice,Clinicians,Cliniciens,عيادة,Centro de saúde,Médicos,Madaktari,Draft — review required
Response choice,CountyTeams,CountyTeams,CountyTeams,CountyTeams,CountyTeams,CountyTeams,Draft — review required
Response choice,National Surveillance,National Surveillance,الوطنية Surveillance,National Surveillance,Nacional Surveillance,National Surveillance,Draft — review required
Response choice,EOC,EOC,EOC,EOC,EOC,EOC,Draft — review required
Response choice,MoH,MoH,MoH,MoH,MoH,MoH,Draft — review required
Response choice,NPHI,NPHI,NPHI,NPHI,NPHI,NPHI,Draft — review required
Response choice,National,National,وطني,Nacional,Nacional,Kitaifa,Draft — review required
Response choice,State,État,الحالة,Estado,Estado,Nchi,Draft — review required
Response choice,County,Comté,البلد ,Concelho,Condado,nchi,Draft — review required
Response choice,Facility,établissement,المرفق,Acessibilidade,Centro,Kituo,Draft — review required
Response choice,Community,Communauté,مراكز التسوق المجتمعية,Community,Comunidad,Jamii,Draft — review required
Response choice,National Data Centre,Centre national de données,مركز البيانات الوطني,Centro Nacional de Dados,Centro Nacional de Datos,Kituo cha Taifa cha Data,Draft — review required
Response choice,Cloud,Cloud,النشر السحابي,Nuvem,Nube,Wingu,Draft — review required
Response choice,Hybrid,Hybride,مختلطة,Formato Híbrido,Híbrido,Futuristic,Draft — review required
Response choice,Implementing Partners,Les institutions et les opérateurs partenaires de la mise en œuvre,الشركاء التنفيذيون,Parceiros de Implementação,Asociados en la ejecución,Kutekeleza Washirika,Draft — review required
Response choice,Local company,Société locale,شركة محلية,Empresa local,Empresa local, Kampuni ya Ndani,Draft — review required
Response choice,International partner,Partenaire international :,الشريك الدولي,Parceiro internacional,Socio internacional:,Mshirika wa kimataifa,Draft — review required
Response choice,Vendor,Fournisseur,البائع,Fornecedor,Proveedor,Mchuuzi,Draft — review required
Response choice,Government,Allocations ,الحكومة,Governo,Gobierno,Serikali ,Draft — review required
Response choice,Donor,Bailleurs,جهة مانحة,Outorgante,Donante,Mhisani,Draft — review required
Response choice,Mixed,Mixé,خليط من,Misto,Mestizo,Mchanganyiko,Draft — review required
Response choice,Ministry of Health,Ministère de la Santé,وزارة الصحة,Ministério da Saúde,Ministerio de Salud,WIZARA YA AFYA,Draft — review required
Response choice,IES&PHE,IES&PHE,IES&PHE,IES&PHE,IES&PHE,IES&PHE,Draft — review required
Response choice,PHEOC,PHEOC,PHEOC,PHEOC,PHEOC,PHEOC,Draft — review required
Response choice,National and reference laboratories,LABORATOIRES NATIONAUX DE RÉFÉRENCE,National Reference Laboratories,LABORATÓRIOS NACIONAIS DE REFERÊNCIA,LABORATORIOS NACIONALES DE REFERENCIA,Maabara za kitaifa na marejeleo,Draft — review required
Response choice,District/county local governments,Administrations locales de district/comté,الحكومات المحلية للمقاطعة/المقاطعة,Governos locais distritais/distritais,Gobiernos locales del distrito/condado,Serikali za mitaa za wilaya/kaunti,Draft — review required
Response choice,Health facilities,Établissements de santé,المرافق الصحية,Instalações de Saúde,Taller de establecimientos de salud,Vituo vya huduma za afya ,Draft — review required
Response choice,Points of entry,Points d’entrée,نقاط الدخول,Pontos de entrada,Puntos de entrada,Sehemu za kuingia,Draft — review required
Response choice,One Health sectors,One Health secteurs,قطاعات One Health,One Health setores,One Health sectores,Sekta One Health,Draft — review required
Response choice,Research/academic institutions,Établissements de recherche et d’enseignement supérieur,المؤسسات البحثية أو الأكاديمية,Instituições DE pesquisa/acadêmicas,Instituciones Académicas y de Investigación,Taasisi za utafiti na kitaaluma,Draft — review required
Response choice,Implementing partners,Partenaires d'exécution ,الشركاء التنفيذيين,Parceiros de Implementação:,Asociados en la ejecución de proyectos,Washirika wa utekelezaji,Draft — review required
Response choice,Other (specify),Autre (veuillez préciser),أخرى (يرجى التحديد),OUTROS (ESPECIFICAR),Otro (especificar),Nyingine (bainisha),Draft — review required
Response choice,"Yes, approved and implemented",Approuvé et mis en place ,نعم، تمت الموافقة عليها وتنفيذها,"Sim, aprovado e implementado",aprobados e implementados,"Ndiyo, imeidhinishwa na kutekelezwa",Draft — review required
Response choice,Available but only partly addresses surveillance,Disponible mais n'adresse que partiellement surveillance,متاح ولكن جزئيا فقط عناوين surveillance,"Disponível, mas apenas parcialmente aborda surveillance",Disponible pero solo en parte se dirige a surveillance,Inapatikana lakini inashughulikia surveillance kwa sehemu tu,Draft — review required
Response choice,Draft/under development,Projet/en cours d'élaboration,مسودة/قيد التطوير,Rascunho/em desenvolvimento,Borrador/en desarrollo,Rasimu/chini YA maendeleo,Draft — review required
Response choice,Available and current for all,Disponible et à jour pour tous,متاح وحالي للجميع,Disponível e atual para todos,Disponible y actual para todos,Inapatikana na ya sasa kwa wote,Draft — review required
Response choice,Available for most,Disponible pour la plupart,متاح لمعظم,Disponível para a maioria,Disponible para la mayoría,Inapatikana kwa wengi,Draft — review required
Response choice,Available for some,Disponible pour certains,متاح للبعض,Disponível para alguns,Disponible para algunos,Inapatikana kwa baadhi,Draft — review required
Response choice,Not available,Non disponible,غير متوفر,Não disponível,No disponible,Haipatikani,Draft — review required
Response choice,"Yes, for all key user groups","Oui, pour tous les groupes d'utilisateurs clés",نعم، لجميع مجموعات المستخدمين الرئيسية,"Sim, para todos os principais grupos de utilizadores","Sí, para todos los grupos de usuarios clave","Ndiyo, kwa vikundi vyote muhimu vya watumiaji",Draft — review required
Response choice,For most groups,Pour la plupart des groupes,لمعظم المجموعات,Para a maioria dos grupos,Para la mayoría de los grupos,Kwa vikundi vingi,Draft — review required
Response choice,For a few groups,Pour quelques groupes,لبضع مجموعات,Para alguns grupos,Para algunos grupos,Kwa vikundi vichache,Draft — review required
Response choice,"Yes, clearly designated","Oui, clairement désigné",نعم، محددة بوضوح,"Sim, claramente designado","Sí, claramente designado","Ndiyo, imeteuliwa wazi",Draft — review required
Response choice,Partly defined,Partiellement défini,محددة جزئياً,Parcialmente definido,Parcialmente definido,Imefafanuliwa kwa sehemu,Draft — review required
Response choice,"Yes, current and routinely reviewed","Oui, à jour et régulièrement examiné",نعم، حالية ويتم مراجعتها بشكل روتيني,"Sim, atual e revisto rotineiramente","Sí, actual y revisado de forma rutinaria","Ndiyo, ya sasa na iliyotathminiwa mara kwa mara",Draft — review required
Response choice,Available but not current,Disponible mais pas actuel,متوفر ولكن غير حالي,"Disponível, mas não actual",Disponible pero no actual,Inapatikana lakini si ya sasa,Draft — review required
Response choice,Assessments are ad hoc,Les évaluations sont ponctuelles,التقييمات مخصصة,As avaliações são ad hoc,Las evaluaciones son ad hoc,Tathmini ni ad hoc,Draft — review required
Response choice,Consistently,Constamment,بثبات,Sistematicamente,"Consistentemente
",Kwa uthabiti,Draft — review required
Response choice,Sometimes,Parfois,أحياناً,Às vezes,A veces,Mkutano wa mtandaoni,Draft — review required
Response choice,Rarely,Rarement,نادراً,Raramente,Raramente,Nadra,Draft — review required
Response choice,Never,Jamais,مطلقًا,Nunca,Nunca,Kamwe ,Draft — review required
Response choice,Sufficient,Suffisamment ,مقبول,Suficiente,Suficiente,Inayotosha,Draft — review required
Response choice,Mostly sufficient,Principalement suffisant,كافية في الغالب,Principalmente suficiente,En su mayoría suficiente,Kwa kiasi kikubwa inatosha,Draft — review required
Response choice,Partly sufficient,En partie suffisant,كافية جزئياً,Parcialmente suficiente,Parcialmente suficiente,Inatosha kwa sehemu,Draft — review required
Response choice,Insufficient,Elève agité à recadrer,غير كافٍ,Insuficiente,Insuficiente,Haitoshi,Draft — review required
Interface,Africa CDC Gap Analysis,Africa CDC Gap Analysis,تحليل الفجوة Africa CDC,Africa CDC Gap Analysis,Africa CDC Análisis de brechas,Uchambuzi wa Pengo la Africa CDC,Draft — review required
Interface,AFRICA CENTRES FOR DISEASE CONTROL AND PREVENTION,CENTRES D'AFRIQUE POUR LE CONTRÔLE ET LA PRÉVENTION DES MALADIES,مراكز مكافحة الأمراض والوقاية من المخاطر في أفريقيا,AFRICA CENTRES FOR DISEASE CONTROL AND PREVENTION,AFRICA CENTRES FOR DISEASE CONTROL AND PREVENTION,AFRICA CENTRES FOR DISEASE CONTROL AND PREVENTION,Draft — review required
Interface,Surveillance Systems Profiling and Gap Analysis,Surveillance Analyse des systèmes et gap analysis,تحليل تقييم الأنظمة وتحليل الفجوة Surveillance,Surveillance Systems Profiling and Gap Analysis,Surveillance Perfil de sistemas y análisis de brechas,Uchambuzi wa Mifumo ya Surveillance na Pengo,Draft — review required
Interface,Display language,Langue d'affichage,لغة العرض,Linguagem de exibição,Idioma de presentación,Onyesha lugha,Draft — review required
Interface,Main navigation,Navigation principale,النقرة الرئيسية,Navegação principal,Navegación principal,Urambazaji mkuu,Draft — review required
Interface,Active country assessment,Évaluation du pays actif,التقييم الوطني النشط,Avaliação do país ativo,Evaluación del país activo,Tathmini amilifu ya nchi,Draft — review required
Interface,STEP 1 OF 2 · INVENTORY,STEP 1 OF 2 · INVENTAIRE,الخطوة 1 من 2 · التعداد,PASSO 1 DE 2 · INVENTÁRIO,PASO 1 DE 2 · INVENTARIO,HATUA YA 1 KATI YA 2 · HESABU,Draft — review required
Interface,HIS Inventory,HIS Inventaire,HIS التعداد,HIS Inventory,HIS Inventory,Orodha ya HIS,Draft — review required
Interface,"Start with the country and reporting period, then add each surveillance tool or information system.","Commencez par le pays et la période de rapport, puis ajoutez chaque outil surveillance ou système d'information.",ابدأ بدولة التقرير وفترة التقرير، ثم أضف كل أداة surveillance أو نظام معلومات.,"Comece com o país e o período de relato, em seguida, adicione cada ferramenta ou sistema de informações surveillance.","Comience con el país y el periodo de reporte, luego agregue cada herramienta o sistema de información surveillance.","Anza na nchi na kipindi cha kuripoti, kisha uweke kila zana au mfumo wa taarifa wa surveillance.",Draft — review required
Interface,Import Standard Inventory,Importation du inventaire standard,استيراد المخزون القياسي,Importação do Inventário Padrão,Inventario Estándar de Importación,Leta Orodha ya Kawaida,Draft — review required
Interface,Export Standard Inventory,Exportation du inventaire standard,تصدير المخزون القياسي,Exportação do Inventário Padrão,Inventario Estándar de Exportación,Hamisha Orodha ya Kawaida,Draft — review required
Interface,"Select a country and reporting period, then add a blank assessment or load an existing one from REDCap.","Sélectionnez un pays et une période de rapport, puis ajoutez une évaluation vide ou chargez une évaluation existante depuis REDCap.",اختر دولة وفترة تقرير، ثم أضف تقييمًا فارغًا أو قم بتحميل تقييم موجود من REDCap.,"Selecione um país e um período de relato, em seguida, adicione uma avaliação em branco ou carregue uma existente a partir do REDCap.","Seleccione un país y un periodo de reporte, luego agregue una evaluación en blanco o cargue una existente desde REDCap.","Chagua nchi na kipindi cha kuripoti, kisha uweke tathmini tupu au upakie iliyopo kutoka REDCap.",Draft — review required
Interface,Add new data,Ajouter des données,إضافة بيانات جديدة,Adicionar dados novos,Añadir nuevos datos,Ongeza data mpya,Draft — review required
Interface,Load REDCap data,Charger les données REDCap,تحميل بيانات REDCap,Carregar REDCap dados,Cargar datos REDCap,Pakia data ya REDCap,Draft — review required
Interface,Coordinator — all tools,Coordinateur — tous les outils,المُنسق — جميع الأدوات,Coordenador — todas as ferramentas,Coordinador — todas las herramientas,Mratibu — nyenzo zote,Draft — review required
Interface,Group tool assignments,Affectation des outils par groupe,إسناد الأدوات إلى المجموعات,Atribuições do grupo de ferramentas,Asignaciones de herramientas por grupo,Kazi za zana za kikundi,Draft — review required
Interface,Administrator only,Administrateur uniquement,مُخصص للمسؤول فقط,Administrador apenas,Administrador solo,Msimamizi pekee,Draft — review required
Interface,"Create working groups, assign each tool, then select a group to enter only its allocated tools.","Créer des groupes de travail, attribuer chaque outil, puis sélectionner un groupe pour accéder uniquement aux outils alloués à ce groupe.",أنشئ مجموعات عمل، وخصص كل أداة، ثم اختر مجموعة لدخول أدواتها المخصصة فقط.,"Crie grupos de trabalho, atribua cada ferramenta, em seguida, selecione um grupo para acessar apenas as ferramentas atribuídas a ele.","Cree grupos de trabajo, asigne cada herramienta, luego seleccione un grupo para ingresar solo sus herramientas asignadas.","Unda vikundi vya kazi, toa kila zana, kisha uchague kikundi cha kuingiza tu zana zake zilizotengwa.",Draft — review required
Interface,Add another group,Ajouter un autre groupe,أضف مجموعة أخرى,Adicione outro grupo,Agrega otro grupo,Ongeza kundi lingine,Draft — review required
Interface,e.g. Inventory Group 4,"par exemple, Groupe d'inventaire 4",مثلاً مجموعة المخزون 4,"por exemplo, Grupo de Inventário 4","por ejemplo, Grupo de Inventario 4",k.m. Kikundi cha Hesabu 4,Draft — review required
Interface,Tools and systems,Outils et systèmes,أدوات ونظم,Ferramentas e sistemas,Herramientas y sistemas,Zana na mifumo,Draft — review required
Interface,Add another tool,Ajouter un autre outil,أضف أداة أخرى,Adicionar outra ferramenta,Agregar otra herramienta,Ongeza nyenzo nyingine,Draft — review required
Interface,Tool being entered,Outil en cours d'entrée,الأداة التي يتم إدخالها,Ferramenta sendo inserida,Herramienta que se está ingresando,Zana inayoingizwa,Draft — review required
Interface,Previous tool,Outil précédent,الأداة السابقة,Ferramenta anterior,Herramienta anterior,Zana ya awali,Draft — review required
Interface,Next tool,Prochain outil,أداة التالية,Próxima ferramenta,Siguiente herramienta,Nyenzo inayofuata,Draft — review required
Interface,Save and continue to Profiling,Enregistrer et continuer à l'Étude de profil,حفظ ومواصلة التقييم,Salvar e continuar para Profilagem,Guardar y continuar con el perfilado,Hifadhi na uendelee kwenye Wasifu,Draft — review required
Interface,STEP 2 OF 3 · PROFILING,ÉTAPES 2 SUR 3 · ÉTUDE DE PROFIL,الخطوة 2 من 3 · التقييم,ETAPA 2 DE 3 · PROFILAGEM,PASO 2 DE 3 · PERFILADO,HATUA YA 2 KATI YA 3 · WASIFU,Draft — review required
Interface,System Profiling,Profilage du système,تقييم النظام,Profilagem do Sistema,Perfil del sistema,Uwekaji Wasifu wa Mfumo,Draft — review required
Interface,Work through the sections below. You can collapse completed sections and return at any time.,Faites les sections ci-dessous. Vous pouvez replier les sections complétées et revenir à tout moment.,أعد التصفح للإقسامات التالية. يمكنك تقليل الإقسامات المكتملة و العودة إلى أي وقت.,Procure por as seções abaixo. Pode colapsar seções concluídas e retornar a qualquer momento.,Revisar las secciones a continuación. Puede colapsar secciones completadas y volver en cualquier momento.,Fanya kazi kupitia sehemu zilizo hapa chini. Unaweza kuvunja sehemu zilizokamilika na kurudi wakati wowote.,Draft — review required
Interface,Import Standard Profiling,Importer le profil standard,استيراد التصنيف القياسي,Importar perfil padrão,Importar perfil estándar,Ingiza Wasifu wa Kawaida,Draft — review required
Interface,Export Standard Profiling,Exporter le profil standard,تصدير التصنيف القياسي,Exportar perfil padrão,Exportar perfil estándar,Hamisha Wasifu wa Kawaida,Draft — review required
Interface,Coordinator — all systems,Coordinateur — tous les systèmes,المُنسق — جميع الأنظمة,Coordenador — todos os sistemas,Coordinador — todos los sistemas,Mratibu — mifumo yote,Draft — review required
Interface,Profiling group assignments,Affectation des groupes de profilage,تخصيص مجموعات التقييم,Atribuições de grupos de perfil,Asignaciones de grupos de perfilado,Kuweka maelezo mafupi ya kazi za kikundi,Draft — review required
Interface,The coordinator allocates systems for detailed profiling. Select a group to see only its assigned systems.,Le coordinateur attribue des systèmes pour un profilage détaillé. Sélectionnez un groupe pour afficher uniquement les systèmes attribués à ce groupe.,يُخصص المُنسق أنظمة التقييم التفصيلي. اختر مجموعة لعرض أنظمة مُخصصة لها فقط.,O coordenador atribui sistemas para perfilagem detalhada. Selecione um grupo para ver apenas os sistemas atribuídos a ele.,El coordinador asigna sistemas para un perfilado detallado. Seleccione un grupo para ver solo los sistemas asignados a él.,Mratibu hutenga mifumo kwa maelezo ya kina. Chagua kikundi ili kuona tu mifumo yake iliyokabidhiwa.,Draft — review required
Interface,e.g. Profiling Group 4,par exemple : Groupe de profilage 4,مثلاً مجموعة التقييم 4,"por exemplo, Grupo de Perfil 4","por ejemplo, Grupo de perfilado 4",k.m. Kikundi cha Wasifu 4,Draft — review required
Interface,System being assessed,Système évalué,النظام الذي يتم تقييمه,Sistema sendo avaliado,Sistema siendo evaluado,Mfumo unatathminiwa,Draft — review required
Interface,0% complete,0% complet,0% مكتمل,0% completo,0% completado,Imekamilika kwa 0%,Draft — review required
Interface,Back to Inventory,Retour à l'inventaire,العودة إلى المخزون,Voltar ao Inventário,Volver al inventario,Rudi kwenye Orodha,Draft — review required
Interface,Next System / Gap Analysis,Prochain système / analyse des écarts,النظام التالي / تحليل الفجوة,Próximo Sistema / Análise de Vazamento,Siguiente sistema / Análisis de brechas,Mfumo Ufuatao/Uchambuzi wa Pengo,Draft — review required
Interface,STEP 3 OF 3 · GAP ANALYSIS,ÉTAPPE 3 SUR 3 · ANALYSE DES ÉCARTS,الخطوة 3 من 3 · تحليل الفجوة,PASSO 3 DE 3 · ANÁLISE DE VAZAMENTO,PASO 3 DE 3 · ANÁLISIS DE BRECHAS,HATUA YA 3 KATI YA 3 · UCHAMBUZI WA PENGO,Draft — review required
Interface,Group and domains,Groupe et domaines,مجموعة ومواضيع,Grupo e domínios,Grupo y dominios,Kikundi na vikoa,Draft — review required
Interface,Domain assignments,Affectation des domaines,تخصيص المواضيع,Atribuições de domínios,Asignaciones de dominios,Kazi za kikoa,Draft — review required
Interface,e.g. Gap Group 4,par exemple Groupe de lac 4,مثلاً مجموعة الفجوة 4,"por exemplo, Grupo de Fissura 4","por ejemplo, Grupo de Fugas 4",k.m. Kikundi cha Pengo 4,Draft — review required
Interface,New group name,Nom du nouveau groupe,اسم مجموعة جديدة,Novo nome do grupo,Nombre de grupo nuevo,Jina jipya la kikundi,Draft — review required
Interface,Assessment domains,Domaines d'évaluation,مجالات التقييم,Domínios de avaliação,Dominios de evaluación,Vikoa vya tathmini,Draft — review required
Interface,Import Standard Gap Excel,Import Standard Gap Excel,مُعيار التصدير القياسي للإكسيل,Import Standard Gap Excel,Import Standard Gap Excel,Ingiza Excel ya Pengo la Kawaida,Draft — review required
Interface,Export Excel,Export Excel,تصدير إكسيل,Exportar Excel,Export Excel,Hamisha Excel,Draft — review required
Interface,Export Standard Gap Excel,Export Standard Gap Excel,تصدير الفجوة القياسية للإكسيل,Exportar Standard Gap Excel,Export Standard Gap Excel,Hamisha Excel ya Pengo la Kawaida,Draft — review required
Interface,CURRENT ASSESSMENT,ÉVALUATION ACTUELLE,التقييم الحالي,AVALIAÇÃO ATUAL,EVALUACIÓN ACTUAL,Tathmini ya sasa ya hatari,Draft — review required
Interface,All changes saved,Tous les changements enregistrés,تم حفظ جميع التغييرات,Todas as alterações salvas,Todos los cambios guardados,Mabadiliko yote yamehifadhiwa,Draft — review required
Interface,Assessment scope or context,Portée ou contexte de l'évaluation,مجال التقييم أو السياق,Escopo ou contexto da avaliação,Alcance o contexto de la evaluación,Upeo au muktadha wa tathmini,Draft — review required
Interface,Select an assigned domain,Sélectionner un domaine attribué,اختر المجال المُخصص,Selecione um domínio atribuído,Seleccionar un dominio asignado,Chagua kikoa kilichotengwa,Draft — review required
Interface,"Choose your working group, then select one of the domains assigned to it.","Sélectionnez votre groupe de travail, puis sélectionnez un des domaines attribués à ce groupe.",اختر فريقك العامل، ثم اختر أحد المجالات المُخصص لها.,"Escolha seu grupo de trabalho, em seguida, selecione um dos domínios atribuídos a ele.","Elige tu grupo de trabajo, luego selecciona uno de los dominios asignados a él.","Chagua kikundi chako cha kazi, kisha uchague mojawapo ya vikoa vilivyokabidhiwa.",Draft — review required
Interface,New participant group for this domain,Nouveau groupe de participants pour ce domaine,مجموعة مشاركة جديدة لهذا المجال,Novo grupo de participantes para este domínio,Nuevo grupo de participantes para este dominio,Kikundi kipya cha washiriki wa kikoa hiki,Draft — review required
Interface,Reassign domain,Réaffecter le domaine,إعادة تخصيص المجال,Reatribuir domínio,Reasignar dominio,Kagua tena kikoa,Draft — review required
Interface,Release domain,Libérer le domaine,إطلاق المجال,Liberar domínio,Libertar dominio,Toa kikoa,Draft — review required
Interface,0 of 5 questions answered,0 de 5 questions répondues,0 من 5 أسئلة تم الإجابة عنها,0 de 5 perguntas respondidas,0 de 5 preguntas respondidas,Maswali 0 kati ya 5 yamejibiwa,Draft — review required
Interface,Save domain responses,Enregistrer les réponses de domaine,حفظ إجابات النطاق,Salvar respostas do domínio,Guardar respuestas del dominio,Hifadhi majibu ya kikoa,Draft — review required
Interface,Optional clarification for this question,Clarification facultative pour cette question,توضيح اختياري لهذا السؤال,Clareza opcional para esta pergunta,Aclaración opcional para esta pregunta,Ufafanuzi wa hiari kwa swali hili,Draft — review required
Interface,Add a comment or clarification…,Ajouter un commentaire ou une clarification…,إضافة تعليق أو توضيح…,Adicionar um comentário ou esclarecimento…,Añadir un comentario o aclaración…,Ongeza maoni au ufafanuzi…,Draft — review required
Interface,Select a response,Sélectionnez une réponse,اختر إجابة,Selecione uma resposta,Seleccionar una respuesta,Chagua jibu,Draft — review required
Interface,Explanation or supporting details,Explication ou détails de soutien,شرح أو تفاصيل داعمة,Explicação ou detalhes de apoio,Explicación o detalles de apoyo,Maelezo au maelezo ya usaidizi,Draft — review required
Interface,Add relevant details…,Ajouter des détails pertinents…,أضف تفاصيل متعلقة…,Adicione detalhes relevantes…,Agregar detalles relevantes…,Ongeza maelezo yanayofaa...,Draft — review required
Interface,Add another value; separate several with semicolons,Ajouter une autre valeur ; séparer plusieurs avec des points-virgules,أضف قيمة أخرى؛ افصل عدة قيم بـ ؛,Adicione outro valor; separe vários com pontos e vírgulas,Agregar otro valor; separar varios con semicolones,Ongeza thamani nyingine; tenganisha kadhaa na semicolons,Draft — review required
